Date,Active Energy (kcal),Basal Energy Burned (kcal),Heart Rate Variability (ms),Resting Heart Rate (count/min),Sleep Analysis [Asleep] (hr),Sleep Analysis [In Bed] (hr),Sleep Analysis [Core] (hr),Sleep Analysis [Deep] (hr),Sleep Analysis [REM] (hr),Sleep Analysis [Awake] (hr),VO2 Max (ml/(kgÂ·min)),Walking Heart Rate Average (count/min),Weight & Body Mass (lb) 
2021-10-25 00:00:00,598.7,2302,,75,0.0,8.994917618897226,0.0,0.0,0.0,0.0,27.28,117, 
2021-10-26 00:00:00,527.73,2372,,74,0.0,8.281586306360033,0.0,0.0,0.0,0.0,,99, 
2021-10-27 00:00:00,708.96,2340,23.56,73,0.0,9.000347921682728,0.0,0.0,0.0,0.0,27.05,162, 
2021-10-28 00:00:00,512.18,2344,11.54,79,0.0,9.000276010831197,0.0,0.0,0.0,0.0,,106, 
2021-10-29 00:00:00,563.64,2343,21.09,76,,,,,,,,94.5, 
2021-10-30 00:00:00,1080,2232,22.57,76,,,,,,,27.1,119.5, 
2021-10-31 00:00:00,641.92,2246,51.72,69,0.0,8.933333333333334,0.0,0.0,0.0,0.0,28,99, 
2021-11-01 00:00:00,401.33,2270,31.87,73,0.0,9.00012093361881,0.0,0.0,0.0,0.0,,97.5, 
2021-11-02 00:00:00,798.86,2336,,74,0.0,8.554722222222223,0.0,0.0,0.0,0.0,28.19,157, 
2021-11-03 00:00:00,756.82,2353,18.07,74,0.0,8.000632398890124,0.0,0.0,0.0,0.0,28.24,162, 
2021-11-04 00:00:00,256.13,2153,29.51,71,,,,,,,,130, 
2021-11-05 00:00:00,449.57,2316,,68,0.0,8.583333333333334,0.0,0.0,0.0,0.0,,91, 
2021-11-06 00:00:00,1612,2285,24.29,79,,,,,,,28.29,99, 
2021-11-07 00:00:00,496.24,2320,,66,,,,,,,29.03,110, 
2021-11-08 00:00:00,550.55,2366,39.16,71,0.0,8.317325223286947,0.0,0.0,0.0,0.0,,91, 
2021-11-09 00:00:00,810.77,2419,25.82,75,0.0,8.132787065539095,0.0,0.0,0.0,0.0,29.02,155, 
2021-11-10 00:00:00,431.03,2304,,64,,,,,,,,91, 
2021-11-11 00:00:00,681.79,2367,35.53,73,0.8394098278880119,8.496208096378378,0.0,0.0,0.0,0.0,29.13,124, 
2021-11-12 00:00:00,594.9,2352,15.75,69,,,,,,,29.19,103, 
2021-11-13 00:00:00,1348,2268,26.79,78,,,,,,,29.13,117, 
2021-11-14 00:00:00,1083,2335,29.06,79,0.0,8.533519533342785,0.0,0.0,0.0,0.0,,101,209.6 
2021-11-15 00:00:00,663.63,2269,29.32,68,0.0,8.953333333333333,0.0,0.0,0.0,0.0,,95, 
2021-11-16 00:00:00,496.62,2308,27.9,72,0.0,7.42786669138405,0.0,0.0,0.0,0.0,,93.5, 
2021-11-17 00:00:00,503.49,2323,,73,,,,,,,,104, 
2021-11-18 00:00:00,742.53,2291,27.61,72,0.0,7.56138888888889,0.0,0.0,0.0,0.0,29.57,114, 
2021-11-19 00:00:00,1018,2271,21.02,73,0.0,8.048503636949592,0.0,0.0,0.0,0.0,29.58,112, 
2021-11-20 00:00:00,1847,2255,27.38,79,,,,,,,,112, 
2021-11-21 00:00:00,1260,2301,23.57,75,0.0,8.221043278243807,0.0,0.0,0.0,0.0,30.04,113.5, 
2021-11-22 00:00:00,656.74,2289,,73,0.0,7.995,0.0,0.0,0.0,0.0,,100.5, 
2021-11-23 00:00:00,1605,2337,17.77,73,0.0,7.893888888888889,0.0,0.0,0.0,0.0,29.45,102, 
2021-11-24 00:00:00,710.46,2439,42.65,68,,,,,,,,106, 
2021-11-25 00:00:00,392.14,2172,38.2,76,0.96483329753081,6.629075103269683,0.0,0.0,0.0,0.21023950828446283,,110.5, 
2021-11-26 00:00:00,474.8,2258,28.85,75,0.0,8.531242994732327,0.0,0.0,0.0,0.0,,106.5, 
2021-11-27 00:00:00,492.24,2270,32.64,71,,,,,,,29.35,97, 
2021-11-28 00:00:00,443.78,2199,27.95,74,,,,,,,,94, 
2021-11-29 00:00:00,465.56,2313,,76,0.0,8.958103313346705,0.0,0.0,0.0,0.0,,99, 
2021-11-30 00:00:00,446.05,2348,,77,0.0,7.75322341610988,0.0,0.0,0.0,0.0,,96, 
2021-12-01 00:00:00,471.55,2290,32.88,72,0.0,8.902508806950516,0.0,0.0,0.0,0.0,,92, 
2021-12-02 00:00:00,472.25,2272,20.24,73,0.0,8.57229494528638,0.0,0.0,0.0,0.0,,96.5, 
2021-12-03 00:00:00,720.8,2242,22.93,75,,,,,,,,96,208.8 
2021-12-04 00:00:00,2291,2323,18.73,69.78,7.166666666666667,8.033333333333333,0.0,0.0,0.0,0.6000000000000001,,118, 
2021-12-05 00:00:00,388.81,2173,,72,,,,,,,,103, 
2021-12-06 00:00:00,641.98,2243,17.39,66.67,8.494166727761428,9.52388894998365,0.0,0.0,0.0,1.0286111111111111,29.44,117, 
2021-12-07 00:00:00,532.62,2326,23.98,67.5,7.416666666666667,7.85990068472094,0.0,0.0,0.0,0.0,,95, 
2021-12-08 00:00:00,489.96,2307,21.72,66,,,,,,,,94, 
2021-12-09 00:00:00,380.3,2206,26.65,63,8.075555182496707,8.159166293607818,0.0,0.0,0.0,0.08305555555555555,,89, 
2021-12-10 00:00:00,492.93,2370,28.51,66.5,8.666944444444445,9.033333333333333,0.0,0.0,0.0,0.0,,90, 
2021-12-11 00:00:00,329.82,2166,29.24,64,9.198888888888888,10.966666666666667,0.0,0.0,0.0,0.5502777777777779,,82, 
2021-12-12 00:00:00,443.51,2247,19.98,66.33,7.6000000000000005,8.917128584716055,0.0,0.0,0.0,0.5783333333333334,,122, 
2021-12-13 00:00:00,503.52,2341,24.99,71,,,,,,,,96, 
2021-12-14 00:00:00,473.02,2337,28.7,71.5,6.858333333333333,7.668333333333334,0.0,0.0,0.0,0.0,,117.5, 
2021-12-15 00:00:00,475.48,2321,22.17,69,,,,,,,,92, 
2021-12-16 00:00:00,468.63,2298,22.22,74,6.416944444444445,8.279444444444444,0.0,0.0,0.0,0.0,,100, 
2021-12-17 00:00:00,455.36,2313,30.78,74.5,9.283333333333331,9.7,0.0,0.0,0.0,0.0,,126, 
2021-12-18 00:00:00,516.34,2385,30.45,76.5,7.05,7.883333333333334,0.0,0.0,0.0,0.3516666666666667,,, 
2021-12-19 00:00:00,332.72,2170,30.83,72.5,7.041666666666667,8.178611111111111,0.0,0.0,0.0,0.0,,102, 
2021-12-20 00:00:00,482.13,2300,30.6,70.75,7.008333333333334,8.529289571245512,0.0,0.0,0.0,1.6569444444444443,,95, 
2021-12-21 00:00:00,413.35,2262,21.76,72,,,,,,,,120.5, 
2021-12-22 00:00:00,470.26,2379,20.43,74.67,7.566666666666667,8.604963942004575,0.0,0.0,0.0,0.7497222222222222,,, 
2021-12-23 00:00:00,418.9,2156,29.92,69,8.383333333333333,9.466666666666667,0.0,0.0,0.0,0.5141666666666667,,122.5,208.6 
2021-12-24 00:00:00,488.03,2271,35.27,69.5,7.217777777777778,8.183333333333334,0.0,0.0,0.0,0.28194444444444444,,107, 
2021-12-25 00:00:00,469.46,2209,16.89,73.5,6.691666666666667,7.2,0.0,0.0,0.0,0.0,,106, 
2021-12-26 00:00:00,502.55,2344,29.78,74,6.633333333333334,7.002222222222223,0.0,0.0,0.0,0.3825,,98, 
2021-12-27 00:00:00,419.06,2258,34.65,70.4,6.8500000000000005,7.5536111111111115,0.0,0.0,0.0,0.9233333333333333,,, 
2021-12-28 00:00:00,496.37,2306,25.76,78,5.700000000000001,7.829731408589416,0.0,0.0,0.0,0.0,,106, 
2021-12-29 00:00:00,479.54,2281,20.48,72,,,,,,,,104, 
2021-12-30 00:00:00,500.57,2341,,81,6.6775,8.65,0.0,0.0,0.0,1.4055555555555554,,113, 
2021-12-31 00:00:00,577.14,2305,17.66,73,8.025,9.466666666666667,0.0,0.0,0.0,0.8619096933801969,28.7,104.5, 
2022-01-01 00:00:00,426.93,2264,22.34,70.43,7.441666666666667,8.4,0.0,0.0,0.0,1.7005555555555554,,93, 
2022-01-02 00:00:00,1022,2331,19.04,75,8.158333333333333,8.733333333333333,0.0,0.0,0.0,0.0,28.53,115, 
2022-01-03 00:00:00,515.61,2332,20.91,70.6,6.541666666666667,8.379351568486955,0.0,0.0,0.0,0.4083333333333333,,112.5, 
2022-01-04 00:00:00,802.32,2370,25.94,72,7.125000000000001,8.237222222222222,0.0,0.0,0.0,0.7497222222222222,28.03,130, 
2022-01-05 00:00:00,779.02,2335,28.33,73,,,,,,,28.02,97, 
2022-01-06 00:00:00,757.26,2378,23.29,73,7.608333333333333,8.561515640848212,0.0,0.0,0.0,0.32805555555555554,28.17,129, 
2022-01-07 00:00:00,526.68,2384,17.2,75.5,,,,,,,,100, 
2022-01-08 00:00:00,1127,2255,18.02,72.5,8.452848949465487,8.869793393909932,0.0,0.0,0.0,0.41638888888888886,28.1,116.5, 
2022-01-09 00:00:00,1191,2353,15.2,76.5,6.4750000000000005,7.682335423595376,0.0,0.0,0.0,0.0,27.83,117, 
2022-01-10 00:00:00,624.66,2326,23.48,72.5,7.291666666666667,8.863683006399208,0.0,0.0,0.0,0.8277777777777777,27.89,131, 
2022-01-11 00:00:00,549.96,2331,17.31,66.25,7.317222222222222,8.124193987747033,0.0,0.0,0.0,0.2658333333333333,,96, 
2022-01-12 00:00:00,482.78,2311,22.48,69.5,7.958333333333334,10.066666666666666,0.0,0.0,0.0,1.2647222222222223,,96, 
2022-01-13 00:00:00,511.33,2319,17.35,71.5,6.841666666666668,8.149458049635092,0.0,0.0,0.0,0.0,,107, 
2022-01-14 00:00:00,498.92,2315,26.51,69.33,7.0,7.766666666666667,0.0,0.0,0.0,0.0,,96.5, 
2022-01-15 00:00:00,1536,2393,20.83,70,7.166666666666668,9.383333333333333,0.0,0.0,0.0,0.5661111111111111,27.8,137, 
2022-01-16 00:00:00,707.98,2280,22.37,70,8.58361111111111,8.966666666666667,0.0,0.0,0.0,0.0,27.72,109, 
2022-01-17 00:00:00,764.82,2333,18.41,71,7.016666666666667,7.689692930016252,0.0,0.0,0.0,0.0,27.9,118,208.2 
2022-01-18 00:00:00,691.24,2322,17.91,66,,,,,,,28.16,120, 
2022-01-19 00:00:00,493.86,2340,20.79,69.5,8.174999999999999,9.06059950682852,0.0,0.0,0.0,0.5213888888888889,,99, 
2022-01-20 00:00:00,550.82,2389,21.4,66.33,8.183333333333334,8.983333333333333,0.0,0.0,0.0,0.7497222222222222,,96, 
2022-01-21 00:00:00,757.97,2272,19.85,72.5,8.508333333333333,9.3,0.0,0.0,0.0,0.0,28.37,122, 
2022-01-22 00:00:00,1473,2331,25.44,67.33,15.25,8.816666666666666,0.0,0.0,0.0,0.5369444444444444,28.71,97.5, 
2022-01-23 00:00:00,831.4,2264,21.72,73,6.633333333333334,9.258134793043137,0.0,0.0,0.0,0.0,28.51,123, 
2022-01-24 00:00:00,729.54,2288,22.44,69.5,,,,,,,28.56,129, 
2022-01-25 00:00:00,739.23,2273,25.51,69.5,8.250277777777777,8.7,0.0,0.0,0.0,0.0,28.46,131, 
2022-01-26 00:00:00,918.74,2355,21.83,67,8.708333333333334,10.0,0.0,0.0,0.0,0.5905555555555555,28.5,110, 
2022-01-27 00:00:00,672.02,2466,19.69,73.5,3.316666666666667,5.055625568264061,0.0,0.0,0.0,0.0,,115, 
2022-01-28 00:00:00,985.02,2409,33.52,76.5,8.45,9.216666666666667,0.0,0.0,0.0,0.33305555555555555,,113, 
2022-01-29 00:00:00,543.41,2227,10.69,83,6.875000000000001,7.366666666666666,0.0,0.0,0.0,0.0,,114, 
2022-01-30 00:00:00,886.35,2495,33.37,72,,,,,,,,, 
2022-01-31 00:00:00,520.56,2178,28.14,66,1.7999999999999998,3.033333333333333,0.0,0.0,0.0,0.0,,, 
2022-02-01 00:00:00,466.98,2321,27.99,69,10.05,11.95,0.0,0.0,0.0,1.346111111111111,,, 
2022-02-02 00:00:00,692.59,2278,23.07,70,8.349166666666667,9.433928190337287,0.0,0.0,0.0,0.0,28.83,120, 
2022-02-03 00:00:00,875.84,2331,23.03,69.33,8.325,9.65,0.0,0.0,0.0,2.495,29.11,116, 
2022-02-04 00:00:00,500.05,2264,31.36,69.5,8.125,8.95,0.0,0.0,0.0,2.0305555555555554,,91, 
2022-02-05 00:00:00,2336,2328,11.65,84,,,,,,,29.1,110, 
2022-02-06 00:00:00,635.54,2198,20.7,70,8.817811841964721,9.318089619742498,0.0,0.0,0.0,0.49972222222222223,29.34,115,208.8 
2022-02-07 00:00:00,478.85,2267,27.64,64,,,,,,,,96, 
2022-02-08 00:00:00,545.88,2358,23.73,68.5,7.700000000000002,9.530585917565558,0.0,0.0,0.0,1.4322222222222223,,96, 
2022-02-09 00:00:00,656.51,2276,18.46,71.5,9.008333333333333,9.816666666666666,0.0,0.0,0.0,0.1663888888888889,29.67,119, 
2022-02-10 00:00:00,594.74,2257,20.05,66.14,,,,,,,29.83,107, 
2022-02-11 00:00:00,713.1,2355,35.86,69.25,8.409722222222221,9.274722222222222,0.0,0.0,0.0,0.25666666666666665,29.89,115, 
2022-02-12 00:00:00,530.98,2166,24.39,63.33,8.0,8.85,0.0,0.0,0.0,0.7497222222222222,30.06,112, 
2022-02-13 00:00:00,1613,2280,17.45,66,,,,,,,29.99,123, 
2022-02-14 00:00:00,454.12,2231,32.32,74,8.578888888888889,9.507926360401843,0.0,0.0,0.0,0.08,,95, 
2022-02-15 00:00:00,502.2,2277,30.52,61.33,,,,,,,,102, 
2022-02-16 00:00:00,522.23,2308,20.86,65.75,6.654722222222222,9.575720542238818,0.0,0.0,0.0,0.0,,93, 
2022-02-17 00:00:00,767.06,2240,22.9,68.5,7.283333333333333,8.204367327789466,0.0,0.0,0.0,0.0,29.81,97, 
2022-02-18 00:00:00,840.41,2313,24.46,68,6.8500000000000005,7.471624278624852,0.0,0.0,0.0,0.0,29.77,101, 
2022-02-19 00:00:00,835.21,2322,21.37,67.5,8.675,10.133333333333333,0.0,0.0,0.0,0.7497222222222222,29.83,101, 
2022-02-20 00:00:00,1026,2309,23.06,63.5,7.916666666666667,8.633333333333333,0.0,0.0,0.0,0.66,,110, 
2022-02-21 00:00:00,698.77,2261,20.8,68.67,5.866666666666667,6.45,0.0,0.0,0.0,0.0,30.16,89, 
2022-02-22 00:00:00,484.58,2330,25.69,67.5,7.344444444444444,7.6,0.0,0.0,0.0,0.0,,, 
2022-02-23 00:00:00,755.69,2211,21.29,69.5,8.581666666666667,9.750833333333333,0.0,0.0,0.0,1.1675,30.59,137, 
2022-02-24 00:00:00,444.21,2236,20.53,67,7.683333333333333,8.5,0.0,0.0,0.0,0.31,,94, 
2022-02-25 00:00:00,765.98,2258,23.14,68.5,8.024722222222222,8.7,0.0,0.0,0.0,0.35194444444444445,30.58,113, 
2022-02-26 00:00:00,1577,2268,24.77,67,,,,,,,30.59,117, 
2022-02-27 00:00:00,825.71,2247,37.71,72,9.220763738950094,9.220763738950094,0.0,0.0,0.0,0.0,30.64,100, 
2022-02-28 00:00:00,1060,2288,25.23,67,9.925555555555555,10.683333333333334,0.0,0.0,0.0,0.5147222222222222,30.46,116, 
2022-03-01 00:00:00,666.4,2326,20.6,65.25,7.1,7.534359155562189,0.0,0.0,0.0,0.0,30.54,107, 
2022-03-02 00:00:00,588.85,2271,31.2,64.5,,,,,,,30.61,104, 
2022-03-03 00:00:00,791.26,2232,21.46,62.4,8.059444444444445,9.239444444444445,0.0,0.0,0.0,1.1783333333333332,,149, 
2022-03-04 00:00:00,787.67,2232,21.44,64.5,7.300000000000001,8.482937539451653,0.0,0.0,0.0,0.0,30.39,116, 
2022-03-05 00:00:00,1225,2047,7.59,74,9.473492045270072,11.22230175604423,0.0,0.0,0.0,1.7465874885519348,,113.5, 
2022-03-06 00:00:00,1657,2286,22.09,65.4,8.411111111111111,8.716666666666667,0.0,0.0,0.0,0.0,,113.5, 
2022-03-07 00:00:00,984.99,2296,25.41,64.67,8.833333333333332,9.816666666666666,0.0,0.0,0.0,0.5513888888888889,30.03,129, 
2022-03-08 00:00:00,882.09,2275,24.08,66.5,7.966666666666667,9.166666666666666,0.0,0.0,0.0,0.5269444444444444,,102, 
2022-03-09 00:00:00,514.5,2251,25.49,64.5,8.308333333333334,9.933333333333334,0.0,0.0,0.0,1.0247222222222223,,114.5,209.2 
2022-03-10 00:00:00,1077,2348,40.91,73,2.8666666666666667,3.55,0.0,0.0,0.0,1.36954053895341,29.52,136, 
2022-03-11 00:00:00,579.79,2284,26.77,63.5,8.508333333333333,8.766666666666667,0.0,0.0,0.0,0.0,,110.5, 
2022-03-12 00:00:00,677.84,2306,27.46,73,7.816666666666667,8.083333333333334,0.0,0.0,0.0,0.0,,97, 
2022-03-13 00:00:00,842.48,2237,22.56,67.5,,,,,,,,95.5, 
2022-03-14 00:00:00,579.25,2349,22.34,62,6.733333333333335,7.800000000000001,0.0,0.0,0.0,0.27829845630460315,,, 
2022-03-15 00:00:00,419.43,2170,34.45,74,0.6308012691471312,8.500545384453403,0.0,0.0,0.0,0.0,,123.5, 
2022-03-16 00:00:00,444.6,2294,28.37,66.25,16.071944444444444,9.583333333333334,0.0,0.0,0.0,0.7497222222222222,,82, 
2022-03-17 00:00:00,491.24,2288,27.21,65.67,8.866666666666665,9.65,0.0,0.0,0.0,0.7497222222222222,,95, 
2022-03-18 00:00:00,658.52,2234,25.15,72,17.55083333333333,10.383333333333333,0.0,0.0,0.0,0.58,29.06,127, 
2022-03-19 00:00:00,992.94,2211,25.05,67,8.166666666666666,8.4,0.0,0.0,0.0,0.0,29.08,122, 
2022-03-20 00:00:00,1249,2281,34.49,67.5,7.516666666666667,8.233333333333333,0.0,0.0,0.0,0.8638888888888888,29.18,106,207.6 
2022-03-21 00:00:00,1135,2322,22.46,70.5,8.216666666666667,8.966666666666667,0.0,0.0,0.0,0.49972222222222223,29.03,107, 
2022-03-22 00:00:00,717.78,2307,24.24,70,,,,,,,28.92,124, 
2022-03-23 00:00:00,919.94,2279,28.82,69.5,15.098888888888888,15.555,0.0,0.0,0.0,0.2275,28.75,130, 
2022-03-24 00:00:00,761.98,2302,22.85,66.33,11.712777777777777,9.416666666666666,0.0,0.0,0.0,0.3308333333333333,28.76,123, 
2022-03-25 00:00:00,708.5,2243,37.45,62.86,8.725,9.533333333333333,0.0,0.0,0.0,0.5230555555555556,29.07,119, 
2022-03-26 00:00:00,1331,2270,29.39,66.5,8.716666666666667,9.666666666666666,0.0,0.0,0.0,0.9141666666666667,29.05,112.5, 
2022-03-27 00:00:00,840.23,2224,30.62,60.33,10.095277777777778,10.590833333333334,0.0,0.0,0.0,0.495,29.05,114, 
2022-03-28 00:00:00,419.29,2217,30.67,59.33,8.983333333333334,10.2,0.0,0.0,0.0,0.5563888888888888,,89.5, 
2022-03-29 00:00:00,709.54,2225,24.89,62.33,8.307500000000001,9.35,0.0,0.0,0.0,0.5569444444444445,29.04,107, 
2022-03-30 00:00:00,1043,2247,26.47,61.67,9.750277777777777,10.116666666666667,0.0,0.0,0.0,0.49972222222222223,28.83,126,206 
2022-03-31 00:00:00,854.91,2232,23.83,66,7.166944444444445,7.75,0.0,0.0,0.0,0.0,28.85,123, 
2022-04-01 00:00:00,756.86,2216,34.12,63,8.6,9.716666666666667,0.0,0.0,0.0,0.7497222222222222,28.99,128, 
2022-04-02 00:00:00,1498,2289,25.37,65.25,8.0,8.75,0.0,0.0,0.0,0.49972222222222223,28.88,145, 
2022-04-03 00:00:00,671.5,2201,38.62,60.2,8.108333333333333,8.383333333333333,0.0,0.0,0.0,0.0,28.98,123,206.2 
2022-04-04 00:00:00,608.07,2223,38.12,60,7.225,7.945368694994185,0.0,0.0,0.0,0.0,29.15,111, 
2022-04-05 00:00:00,782.64,2263,28.64,62,9.525277777777777,10.116666666666667,0.0,0.0,0.0,0.1411111111111111,,113, 
2022-04-06 00:00:00,808.94,2273,25.11,65.5,9.519444444444444,10.0,0.0,0.0,0.0,0.0,29.25,103, 
2022-04-07 00:00:00,792.53,2214,21.14,67.5,9.008333333333331,10.116666666666667,0.0,0.0,0.0,0.5272222222222223,29.32,93, 
2022-04-08 00:00:00,1226,2278,23.93,67,7.633333333333334,8.516666666666667,0.0,0.0,0.0,0.5652777777777778,29.52,95, 
2022-04-09 00:00:00,663.51,2349,28.09,63.5,16.599999999999994,9.366666666666667,0.0,0.0,0.0,0.0,,96, 
2022-04-10 00:00:00,803.86,2237,27.7,66,15.250277777777777,8.7,0.0,0.0,0.0,0.24972222222222223,29.55,124, 
2022-04-11 00:00:00,1956,2375,35.17,66.8,,,,,,,,99, 
2022-04-12 00:00:00,568.57,2223,34.08,65.67,11.869166666666668,8.194880545271767,0.0,0.0,0.0,2.4930555555555554,,89, 
2022-04-13 00:00:00,619.9,2276,23.53,67.5,8.016666666666667,8.95,0.0,0.0,0.0,0.0,,85, 
2022-04-14 00:00:00,480.55,2270,25.94,67,8.341666666666665,8.6,0.0,0.0,0.0,0.0,,104, 
2022-04-15 00:00:00,742.34,2226,30.86,64.67,7.841666666666667,8.466666666666667,0.0,0.0,0.0,0.0,29.56,105, 
2022-04-16 00:00:00,1159,2246,30.17,67,6.600000000000001,7.066666666666666,0.0,0.0,0.0,0.0,29.7,105, 
2022-04-17 00:00:00,740.33,2255,22.31,66,8.133333333333335,9.3,0.0,0.0,0.0,0.0,29.78,129, 
2022-04-18 00:00:00,764.24,2260,27.52,66.75,7.540555555555556,8.05,0.0,0.0,0.0,0.4519444444444444,29.86,96,203.4 
2022-04-19 00:00:00,600.84,2253,24.31,68,7.25,8.883333333333333,0.0,0.0,0.0,0.24972222222222223,,114, 
2022-04-20 00:00:00,1366,2207,21.89,67.5,8.283333333333333,8.716666666666667,0.0,0.0,0.0,0.0,30.16,120, 
2022-04-21 00:00:00,671.98,2206,28.32,64.5,8.629722222222222,9.333333333333334,0.0,0.0,0.0,0.08305555555555555,30.39,119, 
2022-04-22 00:00:00,415.52,2172,21.9,62.67,7.891666666666668,8.583333333333334,0.0,0.0,0.0,0.49972222222222223,,94, 
2022-04-23 00:00:00,1185,2239,26.89,66.5,8.924444444444445,9.366666666666667,0.0,0.0,0.0,0.0,30.28,87, 
2022-04-24 00:00:00,1312,2238,17.04,65,6.516666666666667,7.67882718483607,0.0,0.0,0.0,0.0,30.3,101.5, 
2022-04-25 00:00:00,602.95,2277,17.47,65,8.423055555555555,8.423055555555555,0.0,0.0,0.0,0.0,,99.5, 
2022-04-26 00:00:00,657.27,2259,32.37,62,,,,,,,,90, 
2022-04-27 00:00:00,1311,2265,26.12,62.25,7.624999999999999,8.50057290888495,0.0,0.0,0.0,1.6822222222222223,30.67,110, 
2022-04-28 00:00:00,984.57,2302,22.62,66,7.116666666666667,7.874356625278791,0.0,0.0,0.0,0.0,,94,204.4 
2022-04-29 00:00:00,432.99,2257,26.06,64.67,8.085,8.116666666666667,0.0,0.0,0.0,0.0,,97.5,204 
2022-04-30 00:00:00,1422,2247,28.41,65.75,8.633333333333333,9.616666666666667,0.0,0.0,0.0,0.5516666666666666,30.89,98,203.2 
2022-05-01 00:00:00,569.45,2235,20.46,66,7.1325,8.023333333333333,0.0,0.0,0.0,0.0,,105, 
2022-05-02 00:00:00,745,2217,25.27,65,9.776788984636466,9.9,0.0,0.0,0.0,0.0,30.79,100.5, 
2022-05-03 00:00:00,564.23,2210,23.81,63.11,7.612777777777778,7.662103987766637,0.0,0.0,0.0,0.0,,98, 
2022-05-04 00:00:00,681.84,2224,20,65.33,7.050000000000001,7.55,0.0,0.0,0.0,0.08305555555555555,31.04,119, 
2022-05-05 00:00:00,1244,2280,34.72,65.33,8.194722222222222,8.456666699151198,0.0,0.0,0.0,0.0,31.08,104, 
2022-05-06 00:00:00,483.05,2231,22.85,67,8.174999999999999,8.833333333333334,0.0,0.0,0.0,0.7991666666666667,,99, 
2022-05-07 00:00:00,552.59,2194,22.67,61.62,7.150000000000001,8.355666717886924,0.0,0.0,0.0,0.0,,106, 
2022-05-08 00:00:00,460.91,2181,20.46,60.75,8.158333333333333,8.616666666666667,0.0,0.0,0.0,0.0,,90, 
2022-05-09 00:00:00,965.52,2198,17.68,62.33,8.916666666666666,9.616666666666667,0.0,0.0,0.0,0.49972222222222223,31.37,117, 
2022-05-10 00:00:00,559.55,2243,21.22,65,6.816666666666667,7.816666666666666,0.0,0.0,0.0,2.285833333333333,,96, 
2022-05-11 00:00:00,995.57,2230,29.72,61.67,9.067222222222222,9.55,0.0,0.0,0.0,0.3111111111111111,31.48,79, 
2022-05-12 00:00:00,588.2,2241,16.72,61.4,8.710555555555555,8.710555555555555,0.0,0.0,0.0,0.0,,100.5, 
2022-05-13 00:00:00,617.24,2208,24.88,64.33,8.227222222222222,9.333333333333334,0.0,0.0,0.0,0.8325,31.51,107, 
2022-05-14 00:00:00,467.15,2181,21.99,64.33,9.635277777777777,9.702222222222222,0.0,0.0,0.0,0.06638888888888889,,93, 
2022-05-15 00:00:00,761.49,2116,25.8,62.5,9.833333333333332,10.933333333333334,0.0,0.0,0.0,0.7497222222222222,31.67,94,202.8 
2022-05-16 00:00:00,778.62,2210,22.98,67,6.567222222222222,7.663333333333333,0.0,0.0,0.0,0.49972222222222223,31.76,102, 
2022-05-17 00:00:00,773.08,2291,19.34,68.5,,,,,,,,101, 
2022-05-18 00:00:00,724.84,2240,21.17,66.5,7.528333333333333,7.733333333333333,0.0,0.0,0.0,0.0,31.85,112, 
2022-05-19 00:00:00,1306,2279,26.48,63.43,7.916666666666668,8.85,0.0,0.0,0.0,0.0,31.95,107, 
2022-05-20 00:00:00,617.81,2177,27.44,65,7.741666666666667,8.533333333333333,0.0,0.0,0.0,0.0,,91.5,202.4 
2022-05-21 00:00:00,815.04,2198,28.77,60.58,8.524999999999999,9.016666666666667,0.0,0.0,0.0,0.0,31.87,109, 
2022-05-22 00:00:00,1693,2299,32.8,61.75,5.508333333333334,8.48638888888889,0.0,0.0,0.0,0.0,,95, 
2022-05-23 00:00:00,907.79,2238,26.5,61.2,9.066666666666668,9.983333333333333,0.0,0.0,0.0,0.0,31.99,112,201.8 
2022-05-24 00:00:00,884.9,2218,22.13,67,7.166666666666667,8.320142703321245,0.0,0.0,0.0,0.0,32.03,103.5, 
2022-05-25 00:00:00,770.88,2172,25.27,63,8.883333333333333,10.116666666666667,0.0,0.0,0.0,0.0,,85, 
2022-05-26 00:00:00,549.8,2222,27.14,61,7.075000000000001,7.948902012209097,0.0,0.0,0.0,0.0,,, 
2022-05-27 00:00:00,1276,2301,28.85,69.5,7.3500000000000005,8.271123944719632,0.0,0.0,0.0,0.0,31.67,93.5, 
2022-05-28 00:00:00,1633,2216,24.52,67.67,8.75,10.183333333333334,0.0,0.0,0.0,0.0,31.84,115.5, 
2022-05-29 00:00:00,497.89,2190,32.25,66,6.658333333333334,8.033333333333333,0.0,0.0,0.0,0.0,,91, 
2022-05-30 00:00:00,508.4,2176,22.95,60.88,7.566666666666667,8.426415712767177,0.0,0.0,0.0,0.0,,96, 
2022-05-31 00:00:00,825.4,2285,24.69,63,7.325,8.916666666666666,0.0,0.0,0.0,0.0,,98, 
2022-06-01 00:00:00,761.04,2245,24.82,65.09,6.616666666666667,8.460575064718723,0.0,0.0,0.0,0.0,,101,200.8 
2022-06-02 00:00:00,1426,2239,20.33,68.5,7.458333333333334,8.4,0.0,0.0,0.0,0.0,31.85,113, 
2022-06-03 00:00:00,404.92,2201,32.08,64.5,7.008333333333334,8.1,0.0,0.0,0.0,0.0,,, 
2022-06-04 00:00:00,1345,2140,28.26,66,8.749999999999998,9.333333333333334,0.0,0.0,0.0,0.0,31.65,111, 
2022-06-05 00:00:00,1860,2250,42.35,66.5,7.008333333333334,8.2825,0.0,0.0,0.0,0.0,31.87,115, 
2022-06-06 00:00:00,1318,2294,29.26,66.5,8.533333333333331,9.5,0.0,0.0,0.0,0.0,31.95,91, 
2022-06-07 00:00:00,879.36,2204,27.41,64,7.108333333333333,8.316666666666666,0.0,0.0,0.0,0.0,32.16,105,198.8 
2022-06-08 00:00:00,567.49,2216,25.22,63.5,6.941666666666667,7.682222222222222,0.0,0.0,0.0,0.0,,91, 
2022-06-09 00:00:00,736.97,2232,19.13,62.75,7.308333333333334,8.616666666666667,0.0,0.0,0.0,0.0,32.09,102, 
2022-06-10 00:00:00,404.88,2192,29.32,65,7.933333333333334,8.333333333333334,0.0,0.0,0.0,0.0,,106, 
2022-06-11 00:00:00,416.72,2226,36.52,65,6.8500000000000005,7.6,0.0,0.0,0.0,0.0,,106, 
2022-06-12 00:00:00,434.24,2216,33.99,62.5,,,,,,,,106, 
2022-06-13 00:00:00,686.34,2265,31.18,58.5,6.983333333333333,7.830212900208102,0.0,0.0,0.0,0.0,32.11,111, 
2022-06-14 00:00:00,788.84,2253,29.02,65.67,5.441666666666666,6.371388888888889,0.0,0.0,0.0,0.0,31.98,121, 
2022-06-15 00:00:00,503.15,2235,35.85,65,6.7749999999999995,7.116666666666666,0.0,0.0,0.0,0.0,,92, 
2022-06-16 00:00:00,1146,2249,33.31,63.53,6.283333333333333,7.409981243047449,0.0,0.0,0.0,0.0,31.95,96.5, 
2022-06-17 00:00:00,495.27,2124,37.01,66.6,6.1416666666666675,6.650932140350342,0.0,0.0,0.0,0.0,,99, 
2022-06-18 00:00:00,2083,2340,26.36,64.75,7.475,9.233333333333333,0.0,0.0,0.0,0.0,31.79,107, 
2022-06-19 00:00:00,680.57,2182,32.77,65.5,7.216666666666667,8.500375581118796,0.0,0.0,0.0,0.0,,88, 
2022-06-20 00:00:00,1646,2214,26.85,69.67,6.800000000000001,8.461733593609598,0.0,0.0,0.0,0.0,,101, 
2022-06-21 00:00:00,563,2210,31.03,63.5,7.608333333333334,8.6,0.0,0.0,0.0,0.0,31.66,101, 
2022-06-22 00:00:00,435.76,2082,24.59,64.6,7.291666666666667,7.633333333333334,0.0,0.0,0.0,0.0,,95.5, 
2022-06-23 00:00:00,756.41,2214,22.36,67.5,8.325,8.65,0.0,0.0,0.0,0.0,31.5,112, 
2022-06-24 00:00:00,414.94,2153,25.03,64.5,7.041666666666667,8.9,0.0,0.0,0.0,0.0,,91.5, 
2022-06-25 00:00:00,1051,2164,25.97,66,8.625,9.75,0.0,0.0,0.0,0.0,31.56,117, 
2022-06-26 00:00:00,1397,2240,19.33,74.5,7.383333333333335,8.0,0.0,0.0,0.0,0.0,31.38,110.5, 
2022-06-27 00:00:00,505.98,2217,36.88,79,6.8999999999999995,7.2,0.0,0.0,0.0,0.0,,99, 
2022-06-28 00:00:00,1017,2174,22.5,65,,,,,,,31.39,116, 
2022-06-29 00:00:00,2242,2403,31.47,74,6.425,7.750250387357341,0.0,0.0,0.0,0.0,,102.5, 
2022-06-30 00:00:00,554.94,2163,54.8,63.57,6.608333333333334,7.383333333333334,0.0,0.0,0.0,0.0,,, 
2022-07-01 00:00:00,743.13,2214,28.35,63,7.625000000000001,7.916666666666667,0.0,0.0,0.0,0.0,,97, 
2022-07-02 00:00:00,596.87,2250,22.16,67,8.258333333333333,9.366666666666667,0.0,0.0,0.0,0.0,,104, 
2022-07-03 00:00:00,1523,2227,24.57,70,8.983333333333334,10.333333333333334,0.0,0.0,0.0,0.0,31.85,116, 
2022-07-04 00:00:00,933.82,2177,27.13,70,7.458333333333333,9.316666666666666,0.0,0.0,0.0,0.0,31.89,110, 
2022-07-05 00:00:00,464.39,2149,18.77,68.5,7.1499999999999995,7.383333333333334,0.0,0.0,0.0,0.0,,91, 
2022-07-06 00:00:00,430.98,2232,40.83,77.5,6.300000000000002,8.233333333333333,0.0,0.0,0.0,0.0,,99.25, 
2022-07-07 00:00:00,438.27,2156,23.41,63.33,7.958333333333334,8.8,0.0,0.0,0.0,0.0,,, 
2022-07-08 00:00:00,491.06,2214,25.03,71,7.900000000000001,8.933333333333334,0.0,0.0,0.0,0.0,,118, 
2022-07-09 00:00:00,1072,2318,26.22,68.5,6.583333333333333,7.283333333333333,0.0,0.0,0.0,0.0,31.5,107, 
2022-07-10 00:00:00,1466,2208,22.55,73.5,9.008333333333333,10.433333333333334,0.0,0.0,0.0,0.0,31.72,116.5, 
2022-07-11 00:00:00,1290,2221,26.59,68,7.591666666666668,9.3,0.0,0.0,0.0,0.0,,102.5, 
2022-07-12 00:00:00,680.69,2215,33.24,64.67,8.35,9.683333333333334,0.0,0.0,0.0,0.0,,103, 
2022-07-13 00:00:00,1909,2298,36.61,65.25,7.283333333333333,7.966666666666667,0.0,0.0,0.0,0.0,,106, 
2022-07-14 00:00:00,912.69,2258,31.5,66,7.908333333333334,8.766666666666667,0.0,0.0,0.0,0.0,32.14,96, 
2022-07-15 00:00:00,1226,2216,29.34,75,12.225,7.016666666666667,0.0,0.0,0.0,0.0,,100, 
2022-07-16 00:00:00,744.6,2241,16.56,71.5,10.283333333333331,10.666666666666666,0.0,0.0,0.0,0.0,,103.5, 
2022-07-17 00:00:00,526.84,2181,25.07,66.67,8.308333333333332,9.583333333333334,0.0,0.0,0.0,0.0,,97, 
2022-07-18 00:00:00,846.93,2175,34.66,69.5,7.966666666666668,10.083333333333334,0.0,0.0,0.0,0.0,,113, 
2022-07-19 00:00:00,743.44,2309,34.18,77,5.758333333333334,6.383333333333334,0.0,0.0,0.0,0.0,,107, 
2022-07-20 00:00:00,726.51,2181,26.08,60.5,7.258333333333335,8.516666666666667,0.0,0.0,0.0,0.0,,, 
2022-07-21 00:00:00,1081,2173,26.67,82,6.483333333333334,7.35,0.0,0.0,0.0,0.0,32.2,109, 
2022-07-22 00:00:00,764.8,2150,23.26,66.33,6.958333333333333,7.816666666666666,0.0,0.0,0.0,0.0,,123, 
2022-07-23 00:00:00,842.03,2134,16.1,71.67,7.291666666666667,8.383333333333333,0.0,0.0,0.0,0.0,,114.5, 
2022-07-24 00:00:00,603.99,2183,32.43,67,7.408333333333333,8.500585169725948,0.0,0.0,0.0,0.0,,104, 
2022-07-25 00:00:00,473.18,2210,26.04,70.5,6.2583333333333355,7.75,0.0,0.0,0.0,0.0,,88, 
2022-07-26 00:00:00,712.29,2284,33.71,70.5,7.716666666666667,8.7,0.0,0.0,0.0,0.0,,99, 
2022-07-27 00:00:00,1045,2330,30.16,81,5.550000000000002,6.816666666666666,0.0,0.0,0.0,0.0,,109.75, 
2022-07-28 00:00:00,528.26,2138,25.75,66.25,7.091666666666667,8.55,0.0,0.0,0.0,0.0,,, 
2022-07-29 00:00:00,520.12,2184,36.87,66.25,,,,,,,,119, 
2022-07-30 00:00:00,1385,2202,21.29,71.83,6.841666666666667,7.8582430050108165,0.0,0.0,0.0,0.0,,115, 
2022-07-31 00:00:00,1361,2249,28.51,72,6.183333333333333,8.50051876972119,0.0,0.0,0.0,0.0,32.52,123.5, 
2022-08-01 00:00:00,505.86,2238,20.52,74,6.691666666666667,8.024663758046097,0.0,0.0,0.0,0.0,,97.5, 
2022-08-02 00:00:00,586.8,2170,33.99,64.75,7.375000000000001,8.483333333333333,0.0,0.0,0.0,0.0,,96.5, 
2022-08-03 00:00:00,989.53,2314,37.77,76,5.383333333333334,6.805943648086654,0.0,0.0,0.0,0.0,32.94,109, 
2022-08-04 00:00:00,577.99,2313,29.55,65,7.075,7.959421416289277,0.0,0.0,0.0,0.0,,, 
2022-08-05 00:00:00,481.15,2286,31.27,64.5,7.658333333333335,8.366666666666667,0.0,0.0,0.0,0.0,,104, 
2022-08-06 00:00:00,520.64,2348,26.88,67.5,,,,,,,,110, 
2022-08-07 00:00:00,641.97,2353,38.89,74,6.083333333333333,7.403721450401678,0.0,0.0,0.0,0.0,,106, 
2022-08-08 00:00:00,642.55,2245,31.72,66.5,7.091666666666668,8.183333333333334,0.0,0.0,0.0,0.0,,99.5, 
2022-08-09 00:00:00,500.37,2247,24.94,67,5.616666666666667,7.693275440831979,0.0,0.0,0.0,0.0,,102.5, 
2022-08-10 00:00:00,900.66,2243,31.42,66,7.300000000000001,8.616666666666667,0.0,0.0,0.0,0.0,32.24,110, 
2022-08-11 00:00:00,772.52,2272,29.29,67.5,7.216666666666667,8.299526678621769,0.0,0.0,0.0,0.0,32.21,91, 
2022-08-12 00:00:00,780.58,2256,27.37,65.5,8.441666666666666,9.416666666666666,0.0,0.0,0.0,0.0,31.81,94.5, 
2022-08-13 00:00:00,558.45,2278,20.83,63.17,6.2250000000000005,7.398338884711266,0.0,0.0,0.0,0.0,,104,204.2 
2022-08-14 00:00:00,673.94,2292,24.54,67,7.3916666666666675,8.320237219995922,0.0,0.0,0.0,0.0,,107, 
2022-08-15 00:00:00,794.85,2295,43.27,65.5,7.900000000000001,8.44462359332376,0.0,0.0,0.0,0.0,31.44,106, 
2022-08-16 00:00:00,569.55,2270,30.76,67,6.991666666666667,7.516666666666667,0.0,0.0,0.0,0.0,,96, 
2022-08-17 00:00:00,775.57,2228,27.76,67,7.6,8.516666666666667,0.0,0.0,0.0,0.0,31.48,111, 
2022-08-18 00:00:00,620.82,2264,32.53,64.33,7.283333333333332,8.166666666666666,0.0,0.0,0.0,0.0,,100, 
2022-08-19 00:00:00,426.24,2207,26.68,64,7.025,8.716666666666667,0.0,0.0,0.0,0.0,,95, 
2022-08-20 00:00:00,1821,2147,24.14,68.33,6.458333333333333,7.366666666666666,0.0,0.0,0.0,0.0,31.19,144, 
2022-08-21 00:00:00,642.94,2253,24.3,69,6.783333333333334,7.0,0.0,0.0,0.0,0.0,,112,203.13 
2022-08-22 00:00:00,470.36,2251,39.63,72,6.458333333333334,7.25,0.0,0.0,0.0,0.0,,97, 
2022-08-23 00:00:00,530.24,2298,26.57,68,5.733333333333333,6.9,0.0,0.0,0.0,0.0,,102, 
2022-08-24 00:00:00,557.31,2300,24.11,66.5,6.6000000000000005,8.133333333333333,0.0,0.0,0.0,0.0,,94.5, 
2022-08-25 00:00:00,525.41,2208,20.58,63.5,7.6000000000000005,8.6,0.0,0.0,0.0,0.0,,87.5, 
2022-08-26 00:00:00,809.54,2309,19.41,66,7.300000000000001,7.616666666666666,0.0,0.0,0.0,0.0,31.12,94, 
2022-08-27 00:00:00,418.24,2181,21.97,62.5,6.499999999999999,8.666666666666666,0.0,0.0,0.0,0.0,,98.5, 
2022-08-28 00:00:00,1218,2244,26.57,64.67,7.841666666666669,8.4,0.0,0.0,0.0,0.0,31.11,110, 
2022-08-29 00:00:00,540.21,2231,18.82,65.67,7.583333333333335,9.283333333333333,0.0,0.0,0.0,0.0,,92,201.8 
2022-08-30 00:00:00,534.63,2285,24.03,62,5.075,5.383333333333334,0.0,0.0,0.0,0.0,,105, 
2022-08-31 00:00:00,574.14,2273,20.82,62.8,6.308333333333334,7.15,0.0,0.0,0.0,0.0,,98, 
2022-09-01 00:00:00,528.11,2271,15.82,70.5,5.991666666666666,6.383333333333334,0.0,0.0,0.0,0.0,,110, 
2022-09-02 00:00:00,490.95,2267,21,65,7.4750000000000005,8.366666666666667,0.0,0.0,0.0,0.0,,107, 
2022-09-03 00:00:00,576.98,2227,29.54,64,6.675,7.116666666666666,0.0,0.0,0.0,0.0,,106.5, 
2022-09-04 00:00:00,505.01,2194,31.48,66.6,5.933333333333333,6.55,0.0,0.0,0.0,0.0,,105, 
2022-09-05 00:00:00,460.2,2217,26.58,65,6.466666666666667,6.683333333333334,0.0,0.0,0.0,0.0,,100, 
2022-09-06 00:00:00,474.88,2229,21.99,68,6.958333333333333,7.783333333333333,0.0,0.0,0.0,0.0,,98, 
2022-09-07 00:00:00,411.06,2196,21.62,66.5,8.258333333333333,9.683333333333334,0.0,0.0,0.0,0.0,,96, 
2022-09-08 00:00:00,487.89,2219,20.68,66.25,7.033333333333334,7.966666666666667,0.0,0.0,0.0,0.0,,103, 
2022-09-09 00:00:00,485.94,2257,16.69,68.5,5.341666666666668,5.916666666666667,0.0,0.0,0.0,0.0,,101, 
2022-09-10 00:00:00,591.83,2237,28.69,66.5,7.758333333333334,8.85,0.0,0.0,0.0,0.0,,106.5, 
2022-09-11 00:00:00,511.78,2216,23.76,65,7.300000000000001,8.116666666666667,0.0,0.0,0.0,0.0,,101, 
2022-09-12 00:00:00,499.89,2202,19.52,70,7.0249999999999995,9.366666666666667,0.0,0.0,0.0,0.0,,103, 
2022-09-13 00:00:00,353.27,2138,18.93,71.67,7.041666666666667,7.65,0.0,0.0,0.0,0.0,,103, 
2022-09-14 00:00:00,406.68,2177,27.09,72,7.425000000000001,9.183333333333334,0.0,0.0,0.0,0.0,,91, 
2022-09-15 00:00:00,1136,2218,17.95,70.8,7.133333333333334,8.216666666666667,0.0,0.0,0.0,0.0,31.03,110.5, 
2022-09-16 00:00:00,700.95,2166,22.44,70,7.158333333333335,7.65,0.0,0.0,0.0,0.0,31.33,111, 
2022-09-17 00:00:00,485,2296,24.13,69,6.808333333333333,7.466666666666667,0.0,0.0,0.0,0.0,,93, 
2022-09-18 00:00:00,604.63,2203,24.35,72.5,7.541666666666668,9.533333333333333,0.0,0.0,0.0,0.0,,114, 
2022-09-19 00:00:00,744.35,2201,21.06,70,8.116666666666665,9.416666666666666,0.0,0.0,0.0,0.0,31.7,101, 
2022-09-20 00:00:00,496.03,2228,17.99,69,6.541666666666667,7.35,0.0,0.0,0.0,0.0,,82, 
2022-09-21 00:00:00,462.54,2257,19.41,67,6.700000000000001,7.666666666666667,0.0,0.0,0.0,0.0,,120, 
2022-09-22 00:00:00,479.91,2162,20.15,68.5,8.483333333333334,9.45,0.0,0.0,0.0,0.0,,99, 
2022-09-23 00:00:00,467.44,2183,23.37,67,7.158333333333334,8.35,0.0,0.0,0.0,0.0,,102.5, 
2022-09-24 00:00:00,1167,2185,25.66,68.33,7.241666666666667,9.0,0.0,0.0,0.0,0.0,31.52,109.5, 
2022-09-25 00:00:00,506.97,2163,22.45,65,8.591666666666665,10.616666666666667,0.0,0.0,0.0,0.0,,108.5, 
2022-09-26 00:00:00,511.28,2275,32.25,76,,,,,,,,104, 
2022-09-27 00:00:00,104.43,1761,18.73,63.5,4.625000000000001,4.833333333333333,0.0,0.0,0.0,0.0,,, 
2022-09-28 00:00:00,432.24,2237,38.02,78,,,,,,,,104.5, 
2022-09-29 00:00:00,375.74,2189,21.63,68.6,5.483333333333333,5.65,0.0,0.0,0.0,0.0,,110, 
2022-09-30 00:00:00,141.7,1781,19.43,67,6.091666666666667,6.75,0.0,0.0,0.0,0.0,,, 
2022-10-01 00:00:00,138.03,1815,19.71,65,7.433333333333333,8.333333333333334,0.0,0.0,0.0,0.0,,, 
2022-10-02 00:00:00,585.3,2273,26.26,73,5.65,6.383333333333334,0.0,0.0,0.0,0.0,,117, 
2022-10-03 00:00:00,222.09,1791,27.99,66,8.041666666666668,8.866666666666667,0.0,0.0,0.0,0.0,,, 
2022-10-04 00:00:00,564.89,2276,26.17,67.25,5.666666666666667,6.566666666666666,0.0,0.0,0.0,0.0,,108.5, 
2022-10-05 00:00:00,436.29,2151,23.21,71.5,6.616666666666666,7.166666666666667,0.0,0.0,0.0,0.0,,108, 
2022-10-06 00:00:00,420.83,1914,23.08,73.5,6.441666666666667,7.15,0.0,0.0,0.0,0.0,,108, 
2022-10-07 00:00:00,360.86,1241,20.73,72.5,7.2,7.816666666666666,0.0,0.0,0.0,0.0,,97, 
2022-10-08 00:00:00,613.92,2073,17.69,70.5,6.7250000000000005,7.466666666666667,0.0,0.0,0.0,0.0,31.8,107, 
2022-10-09 00:00:00,1224,2164,25.11,71,8.024999999999999,9.383333333333333,0.0,0.0,0.0,0.0,32.18,86, 
2022-10-10 00:00:00,690.94,2047,20.72,72.5,6.516666666666667,7.85,0.0,0.0,0.0,0.0,32.4,134,201.33 
2022-10-11 00:00:00,581.81,2125,21.05,70.5,7.2,7.966666666666667,0.0,0.0,0.0,0.0,,100, 
2022-10-12 00:00:00,703.7,2170,26.45,71,6.425000000000002,6.983333333333333,0.0,0.0,0.0,0.0,,98, 
2022-10-13 00:00:00,692.62,2114,24.41,66.5,7.283333333333334,8.466666666666667,0.0,0.0,0.0,0.0,32.12,115, 
2022-10-14 00:00:00,629.7,2152,20.26,69,7.658333333333333,8.95,0.0,0.0,0.0,0.0,,91, 
2022-10-15 00:00:00,639.13,2109,24.37,69,6.983333333333333,8.583333333333334,0.0,0.0,0.0,0.0,32.1,98, 
2022-10-16 00:00:00,687.26,2119,25,68,7.0,7.583333333333333,0.0,0.0,0.0,0.0,,110, 
2022-10-17 00:00:00,743.95,2161,22.89,68.5,6.800000000000001,7.983333333333333,0.0,0.0,0.0,0.0,31.65,106, 
2022-10-18 00:00:00,542.96,2166,23.85,67.5,7.8,8.9,0.0,0.0,0.0,0.0,,96, 
2022-10-19 00:00:00,455.51,2027,25.38,65.5,8.925,10.566666666666666,0.0,0.0,0.0,0.0,,103, 
2022-10-20 00:00:00,428.89,2056,26.05,66.5,8.041666666666666,9.1,0.0,0.0,0.0,0.0,,86, 
2022-10-21 00:00:00,788.86,2118,28.28,68,7.758333333333334,8.65,0.0,0.0,0.0,0.0,31.4,112, 
2022-10-22 00:00:00,849.99,2096,31.25,66.5,7.358333333333333,8.15,0.0,0.0,0.0,0.0,31.09,, 
2022-10-23 00:00:00,626.97,2175,28.49,66,7.983333333333333,8.9,0.0,0.0,0.0,0.0,,94, 
2022-10-24 00:00:00,688.67,2084,18.36,66.5,8.6,9.283333333333333,0.0,0.0,0.0,0.0,31.1,104, 
2022-10-25 00:00:00,467.32,2098,22.62,70.5,14.1,8.816666666666666,0.0,0.0,0.0,0.0,,91, 
2022-10-26 00:00:00,830.34,2169,23.65,69.5,15.458333333333332,9.516666666666667,0.0,0.0,0.0,0.0,31.36,106, 
2022-10-27 00:00:00,1119,2129,24.08,67.5,23.04999999999999,9.733333333333333,0.0,0.0,0.0,0.0,31.37,122, 
2022-10-28 00:00:00,708.09,2170,22.6,67,12.299999999999997,7.683333333333334,0.0,0.0,0.0,0.0,31.35,115, 
2022-10-29 00:00:00,1045,2105,20.67,64,15.641666666666662,9.366666666666667,0.0,0.0,0.0,0.0,31.26,92, 
2022-10-30 00:00:00,799.04,2134,18.56,66,8.525,9.383333333333333,0.0,0.0,0.0,0.0,31.42,94, 
2022-10-31 00:00:00,898.56,2137,22.47,68,15.016666666666666,9.483333333333333,0.0,0.0,0.0,0.0,31.5,135, 
2022-11-01 00:00:00,675.38,2087,25.04,67.5,13.791666666666666,8.966666666666667,0.0,0.0,0.0,0.0,31.55,92, 
2022-11-02 00:00:00,745.6,2095,25.26,66.5,7.675000000000001,8.333333333333334,0.0,0.0,0.0,0.0,31.63,119, 
2022-11-03 00:00:00,849.43,2151,21.84,66,13.616666666666664,7.95,0.0,0.0,0.0,0.0,31.56,100, 
2022-11-04 00:00:00,705.87,2122,24.49,64.5,8.916666666666668,10.05,0.0,0.0,0.0,0.0,31.73,118, 
2022-11-05 00:00:00,2425,2201,23.88,66.5,8.508333333333333,9.066666666666666,0.0,0.0,0.0,0.0,31.73,113, 
2022-11-06 00:00:00,809.01,2216,24.41,69,7.525000000000001,9.216666666666667,0.0,0.0,0.0,0.0,31.67,123, 
2022-11-07 00:00:00,1150,2176,22.22,65,8.233333333333333,9.15,0.0,0.0,0.0,0.0,31.74,124, 
2022-11-08 00:00:00,1012,2085,28.91,64.67,7.616666666666667,8.166666666666666,0.0,0.0,0.0,0.0,31.86,96.5, 
2022-11-09 00:00:00,878.3,2120,22.79,62,7.708333333333333,8.166666666666666,4.191666666666666,0.9916666666666667,1.3916666666666666,0.10833333333333334,31.87,132, 
2022-11-10 00:00:00,857.42,2151,25.34,73,,,,,,,31.77,93, 
2022-11-11 00:00:00,1004,2160,26.17,65,8.016666666666666,9.033333333333333,5.941666666666667,0.475,2.0416666666666665,0.9083333333333334,31.76,128, 
2022-11-12 00:00:00,899.51,2119,25.4,65,7.308333333333334,7.55,4.45,0.5833333333333334,2.058333333333333,0.03333333333333333,31.83,114, 
2022-11-13 00:00:00,1720,2156,21.46,69,8.083333333333332,8.8,5.041666666666667,0.625,1.6666666666666667,0.65,31.88,98, 
2022-11-14 00:00:00,1244,2258,24.6,72,7.066666666666667,7.783333333333333,0.0,0.0,0.0,0.0,31.99,119, 
2022-11-15 00:00:00,996.22,2088,19.92,72,9.383333333333333,10.483333333333333,0.0,0.0,0.0,0.0,31.72,115,203 
2022-11-16 00:00:00,700.49,2142,19.38,72,8.233333333333333,8.7,0.0,0.0,0.0,0.0,,110.5, 
2022-11-17 00:00:00,933.51,2143,19.01,77,8.625,10.383333333333333,0.0,0.0,0.0,0.0,31.88,103,201.8 
2022-11-18 00:00:00,775.54,2129,24.01,68,8.416666666666666,9.333333333333334,0.0,0.0,0.0,0.0,32.05,115,201.6 
2022-11-19 00:00:00,1126,2145,25.42,67,8.075,8.566666666666666,0.0,0.0,0.0,0.0,32.07,100, 
2022-11-20 00:00:00,1608,2204,19,71,8.758333333333333,10.2,0.0,0.0,0.0,0.0,32.08,120, 
2022-11-21 00:00:00,841.69,2180,34.95,66.5,8.95,9.333333333333334,6.1833333333333345,0.20833333333333331,1.6,0.09999999999999999,32.11,93,200.6 
2022-11-22 00:00:00,1001,2140,33.77,64,6.800000000000001,7.666666666666667,4.5249999999999995,0.6666666666666667,1.5416666666666667,0.016666666666666666,32.16,99, 
2022-11-23 00:00:00,916.51,2163,38.32,62.5,8.975,9.833333333333334,4.8999999999999995,0.6083333333333334,1.5083333333333333,0.19166666666666665,32.27,92, 
2022-11-24 00:00:00,1249,2144,28.13,63,8.116666666666667,9.466666666666667,4.65,0.75,0.9916666666666667,0.9166666666666667,32.19,121, 
2022-11-25 00:00:00,1222,2138,30.92,63,9.375,10.433333333333334,5.741666666666668,0.8333333333333334,2.408333333333333,0.8083333333333333,32.12,93, 
2022-11-26 00:00:00,806.42,2092,22.7,63.5,7.55,7.8,4.891666666666667,1.025,1.5583333333333333,0.025,32.31,109, 
2022-11-27 00:00:00,2654,2082,32.39,66.5,8.125,8.7,5.391666666666667,0.9083333333333334,1.5416666666666667,0.19166666666666665,32.37,109, 
2022-11-28 00:00:00,809.71,2183,35.15,67,7.800000000000001,9.333333333333334,4.625,1.0833333333333335,1.6583333333333334,1.1416666666666666,32.42,115, 
2022-11-29 00:00:00,1138,2161,31.94,63.5,8.366666666666667,9.783333333333333,4.25,0.5916666666666667,1.625,1.2249999999999999,32.45,97, 
2022-11-30 00:00:00,919.02,2212,31.24,64.5,7.991666666666668,8.616666666666667,4.491666666666666,0.8583333333333333,1.9583333333333335,0.008333333333333333,32.53,115, 
2022-12-01 00:00:00,958.35,2113,33.46,67.33,8.6,8.9,5.5,0.6666666666666666,1.45,0.4,,149,199.6 
2022-12-02 00:00:00,899.22,2069,36.65,63,,,,,,,32.68,113, 
2022-12-03 00:00:00,914.04,2215,34.86,65.5,7.950000000000001,8.55,5.508333333333333,0.6666666666666667,0.9583333333333335,1.0416666666666667,,93, 
2022-12-04 00:00:00,1217,2164,31.45,62,8.416666666666666,9.566666666666666,5.066666666666667,0.6083333333333333,1.8166666666666667,1.5166666666666666,32.58,91.5, 
2022-12-05 00:00:00,445.38,2109,34.1,62.5,8.566666666666665,10.083333333333334,0.0,0.0,0.0,0.0,,86,198.6 
2022-12-06 00:00:00,1358,2197,38.59,66.5,8.658333333333333,10.083333333333334,0.0,0.0,0.0,0.0,32.66,91, 
2022-12-07 00:00:00,1040,2200,35.33,62,9.741666666666665,11.0,6.058333333333333,0.5499999999999999,1.9583333333333335,0.5333333333333334,32.74,106, 
2022-12-08 00:00:00,1096,2175,31.29,62.5,7.216666666666668,8.016666666666667,5.541666666666666,0.21666666666666667,0.5416666666666666,0.3333333333333333,32.9,109, 
2022-12-09 00:00:00,1094,2092,32.58,61,9.183333333333334,10.666666666666666,5.083333333333334,0.9750000000000001,2.0166666666666666,0.05,32.68,119, 
2022-12-10 00:00:00,790.86,2149,28.1,64,7.825000000000001,8.233333333333333,5.891666666666667,0.38333333333333336,1.25,0.075,,96,197.8 
2022-12-11 00:00:00,1260,2129,30.26,64,7.616666666666667,8.25,4.7333333333333325,0.8583333333333333,1.6666666666666667,0.04166666666666667,,143, 
2022-12-12 00:00:00,620.21,1992,33.4,65.33,8.308333333333334,9.666666666666666,4.691666666666666,1.1416666666666668,2.2916666666666665,0.8583333333333334,32.18,89, 
2022-12-13 00:00:00,826.7,1838,23.86,63.33,9.008333333333333,10.733333333333333,5.075,0.5083333333333333,1.4333333333333333,1.6166666666666665,32.11,94.5, 
2022-12-14 00:00:00,709.52,2116,30.74,60.5,10.058333333333334,11.016666666666667,5.258333333333333,0.7583333333333333,1.875,0.03333333333333333,33.35,106, 
2022-12-15 00:00:00,649.22,2065,26.6,63.33,8.466666666666667,8.866666666666667,5.841666666666667,0.24166666666666664,1.55,0.025,33.49,101, 
2022-12-16 00:00:00,428.57,2014,41.87,60.5,9.291666666666666,10.566666666666666,6.025,0.3,1.625,1.4416666666666664,,85.5, 
2022-12-17 00:00:00,841.61,2033,38.86,60.5,8.183333333333334,8.8,5.224999999999999,0.775,2.0583333333333336,0.08333333333333333,33.45,103, 
2022-12-18 00:00:00,411.78,2000,39.59,59,,,,,,,,93, 
2022-12-19 00:00:00,778.95,2109,35.49,62.33,7.008333333333333,8.116666666666667,5.191666666666667,0.6833333333333333,1.3250000000000002,1.0749999999999997,33.47,82,197.4 
2022-12-20 00:00:00,456.54,1968,36.04,62.5,8.416666666666668,9.5,5.191666666666666,0.75,1.1500000000000001,0.09166666666666667,33.19,98,194.4 
2022-12-21 00:00:00,464.47,1799,40.18,61.5,8.5,10.0,5.241666666666667,0.7416666666666666,1.5833333333333333,1.3166666666666664,,82,192.2 
2022-12-22 00:00:00,540.26,2032,24.8,62.5,8.641666666666667,9.85,4.975,0.35833333333333334,1.4999999999999998,1.133333333333333,33.27,108,190.2 
2022-12-23 00:00:00,918.59,2006,34.61,65.33,7.9750000000000005,9.533333333333333,6.05,0.6083333333333334,1.2916666666666665,1.0833333333333335,33.37,94,193.6 
2022-12-24 00:00:00,527.12,2063,34.51,66.5,8.566666666666666,9.416666666666666,0.0,0.0,0.0,0.0,,90,194.2 
2022-12-25 00:00:00,802.56,1922,39.35,67.5,9.816666666666666,11.05,0.0,0.0,0.0,0.0,32.84,89.5,196.6 
2022-12-26 00:00:00,616.35,1972,49.16,64.5,8.816666666666666,9.933333333333334,0.0,0.0,0.0,0.0,,135,195.2 
2022-12-27 00:00:00,351.25,1991,37.66,62.5,8.658333333333333,9.9,0.0,0.0,0.0,0.0,,86,193.8 
2022-12-28 00:00:00,450.05,1963,29.45,67,9.408333333333333,12.466666666666667,4.666666666666666,1.0333333333333332,0.9083333333333333,0.6666666666666667,,91,194.2 
2022-12-29 00:00:00,498.52,1940,38.86,63,8.558333333333332,10.4,0.0,0.0,0.0,0.0,,95.5, 
2022-12-30 00:00:00,699.1,2069,38.03,66.5,8.441666666666666,9.816666666666666,0.0,0.0,0.0,0.0,33.37,109,195.6 
2022-12-31 00:00:00,392.25,2052,34.51,64,7.691666666666667,9.466666666666667,0.0,0.0,0.0,0.0,,86,195.8 
2023-01-01 00:00:00,1169,2088,37.18,66,8.85,9.3,6.066666666666667,1.2416666666666665,1.3083333333333331,0.09999999999999999,33.31,110,195 
2023-01-02 00:00:00,775.89,2038,38.77,63,8.558333333333332,10.416666666666666,5.175000000000002,0.7666666666666666,1.2916666666666667,1.908333333333333,33.34,112,195.6 
2023-01-03 00:00:00,879.76,2101,32,63.5,7.658333333333336,8.516666666666667,5.208333333333333,0.525,1.8083333333333333,0.6916666666666667,,102,194.8 
2023-01-04 00:00:00,763.35,1954,35.47,65,9.358333333333333,10.383333333333333,5.258333333333334,1.0583333333333333,2.475,0.9249999999999999,46.2,106,194.6 
2023-01-05 00:00:00,653.1,1982,33.12,64,7.891666666666667,8.533333333333333,5.066666666666667,0.6833333333333333,1.9666666666666663,0.06666666666666667,,95,195.2 
2023-01-06 00:00:00,1092,2038,32.31,63,8.325,9.933333333333334,4.191666666666666,1.3333333333333333,2.1083333333333334,0.11666666666666667,32.74,107, 
2023-01-07 00:00:00,673.69,1906,44.03,63.5,8.133333333333333,8.866666666666667,5.533333333333333,0.7,1.6583333333333332,0.4166666666666667,32.23,91.5,194.4 
2023-01-08 00:00:00,747.82,1983,32.83,63,8.966666666666669,9.716666666666667,5.55,0.7083333333333335,1.75,0.075,32.61,87,193.6 
2023-01-09 00:00:00,461.18,1933,38.32,61,9.333333333333332,10.366666666666667,5.408333333333334,0.8666666666666666,2.4416666666666664,0.9333333333333333,,81,194.8 
2023-01-10 00:00:00,942.96,2056,42.45,61.5,8.516666666666666,10.216666666666667,4.45,0.7833333333333334,1.625,0.5666666666666667,,102,191.8 
2023-01-11 00:00:00,352.5,1956,43.74,60.33,8.55,9.066666666666666,4.958333333333333,1.1749999999999998,2.0749999999999997,0.08333333333333333,,90,193.2 
2023-01-12 00:00:00,1003,1952,31.67,65,7.491666666666666,9.15,4.791666666666666,1.0083333333333333,1.4749999999999999,0.375,,94,192.4 
2023-01-13 00:00:00,664.26,1913,35.79,65.33,6.741666666666667,8.35,4.141666666666667,0.6833333333333333,1.5416666666666665,0.03333333333333333,,100,191.6 
2023-01-14 00:00:00,264.34,1771,41.76,62,6.616666666666667,7.0,4.491666666666667,0.7,1.5166666666666666,0.05,,87,192.2 
2023-01-15 00:00:00,1341,2035,32.46,63,8.041666666666668,10.283333333333333,5.166666666666667,0.7583333333333333,2.1333333333333333,0.04166666666666667,32.72,96.5,193.2 
2023-01-16 00:00:00,599.91,2020,39.58,60,9.691666666666665,10.133333333333333,5.550000000000001,0.7583333333333334,1.8333333333333335,0.26666666666666666,32.55,108,194.2 
2023-01-17 00:00:00,787.1,1954,42.27,64.33,7.875000000000001,8.633333333333333,4.733333333333334,0.8083333333333333,1.4749999999999999,0.04166666666666667,32.68,88,193.6 
2023-01-18 00:00:00,364.52,1949,30.86,61.5,7.4,9.366666666666667,4.666666666666667,0.6916666666666667,1.825,0.025,,82,192.4 
2023-01-19 00:00:00,749.96,2067,39.6,62,7.6416666666666675,8.316666666666666,5.025000000000001,0.7416666666666667,2.35,0.016666666666666666,32.49,93,191.2 
2023-01-20 00:00:00,369.72,2004,35.58,61.5,9.2,10.25,5.008333333333334,1.0416666666666665,2.6500000000000004,0.9083333333333334,,76,192 
2023-01-21 00:00:00,1039,1989,39.96,63,8.233333333333334,9.35,5.008333333333333,0.5583333333333333,2.658333333333333,0.75,32.59,115,192.6 
2023-01-22 00:00:00,1362,2026,33.88,65,6.675000000000001,7.883333333333334,4.8,0.5583333333333333,2.216666666666667,0.025,32.37,98.5,193.2 
2023-01-23 00:00:00,662.7,2126,33,68.5,,,,,,,32.45,104,192.8 
2023-01-24 00:00:00,631.9,1937,33.1,65.5,7.3500000000000005,8.45,4.925000000000001,0.31666666666666665,1.9166666666666665,1.1416666666666664,31.57,93,191.6 
2023-01-25 00:00:00,455.32,1975,41.89,66,7.166666666666667,8.15,4.5249999999999995,0.8333333333333334,1.7583333333333333,0.625,,80,192 
2023-01-26 00:00:00,934.58,2045,30.31,70.5,8.516666666666666,10.166666666666666,5.1,0.85,1.4416666666666667,0.775,32.17,97.5,192 
2023-01-27 00:00:00,323.14,1938,36.59,65,9.191666666666666,10.133333333333333,5.616666666666667,0.8916666666666666,2.225,0.45000000000000007,,81.5, 
2023-01-28 00:00:00,1168,2064,34.54,65.5,7.491666666666668,7.883333333333334,5.1416666666666675,0.6083333333333333,1.8083333333333336,0.175,31.84,105,192 
2023-01-29 00:00:00,490.14,1920,26.79,67.5,8.05,8.866666666666667,0.0,0.0,0.0,0.0,32.25,111, 
2023-01-30 00:00:00,695.74,2059,26.04,66.5,9.158333333333331,9.666666666666666,0.0,0.0,0.0,0.0,32.24,109, 
2023-01-31 00:00:00,450.36,2041,28.07,64,7.216666666666667,8.216666666666667,0.0,0.0,0.0,0.0,,99,190.2 
2023-02-01 00:00:00,597.94,2066,25.54,63.33,8.616666666666665,9.733333333333333,5.1916666666666655,1.125,1.6083333333333334,0.15,32.45,104,189.4 
2023-02-02 00:00:00,703.45,1976,36.54,62,8.566666666666666,8.866666666666667,5.158333333333333,0.6416666666666667,1.6166666666666667,0.025,32.44,88, 
2023-02-03 00:00:00,507.47,1959,37.75,59.5,8.583333333333332,11.016666666666667,5.666666666666666,0.6166666666666666,2.05,0.9916666666666668,32.52,99,190.2 
2023-02-04 00:00:00,597.19,1930,31.97,61.5,,,,,,,32.83,96,191 
2023-02-05 00:00:00,2365,2041,30.36,63,6.975000000000001,7.4,4.283333333333333,0.9249999999999999,1.8666666666666667,0.7250000000000001,32.83,92, 
2023-02-06 00:00:00,566.05,2074,32.54,64,8.233333333333333,8.75,5.75,0.6583333333333334,1.7249999999999999,0.3916666666666668,32.9,93,192 
2023-02-07 00:00:00,772.1,2021,30.9,64.5,7.308333333333334,7.766666666666667,5.608333333333333,0.525,1.0916666666666668,0.049999999999999996,33.03,94,191.2 
2023-02-08 00:00:00,669.03,1994,35.37,63.5,8.133333333333333,8.716666666666667,5.375,0.8666666666666667,2.058333333333333,0.19166666666666665,,97.5,188.8 
2023-02-09 00:00:00,941.96,2039,28.99,64,7.9750000000000005,8.283333333333333,5.991666666666667,0.65,1.4166666666666667,0.05,32.8,89,190.6 
2023-02-10 00:00:00,394.17,1965,41.45,62.5,8.9,9.316666666666666,5.599999999999999,0.7916666666666667,1.6916666666666667,0.058333333333333334,,95.5,190 
2023-02-11 00:00:00,627.96,1962,36.56,61.67,8.941666666666666,10.8,5.225,0.44166666666666665,2.2666666666666666,0.3583333333333334,,90.5,191.2 
2023-02-12 00:00:00,1181,1951,31.4,64.5,8.708333333333332,9.816666666666666,5.591666666666667,0.6833333333333333,1.625,0.7416666666666666,31.92,102.5,189.2 
2023-02-13 00:00:00,391.51,1964,45.56,63,8.183333333333334,8.65,4.816666666666667,0.5666666666666667,2.3,0.058333333333333334,,87,190.8 
2023-02-14 00:00:00,691.14,2014,42.72,62,7.658333333333334,8.316666666666666,5.008333333333334,0.42500000000000004,1.8249999999999997,0.06666666666666667,32.83,89,191 
2023-02-15 00:00:00,554.85,2001,29.78,60.5,8.458333333333334,10.116666666666667,4.925,0.825,2.1999999999999997,1.3833333333333333,,87.5,191.6 
2023-02-16 00:00:00,421.69,1970,32.84,60.5,7.983333333333333,8.35,4.833333333333334,1.0333333333333332,1.9916666666666667,0.008333333333333333,,92,190 
2023-02-17 00:00:00,660.66,1964,29.89,60.5,7.083333333333334,9.116666666666667,5.508333333333332,0.7666666666666667,1.975,0.5583333333333333,,87,190.2 
2023-02-18 00:00:00,922.73,1937,28.89,63,,,,,,,32.69,90,190.4 
2023-02-19 00:00:00,991.5,1978,34.42,63,8.058333333333332,8.416666666666666,5.566666666666667,0.6666666666666666,1.8833333333333333,0.7416666666666668,33.03,108,192 
2023-02-20 00:00:00,475.98,1914,36.05,65.67,0.0,8.375,5.883333333333334,0.6333333333333333,1.8083333333333333,0.016666666666666666,40,99,191.8 
2023-02-21 00:00:00,1173,2000,36.59,64,8.65,10.016666666666667,5.908333333333333,0.9333333333333333,1.333333333333333,0.4166666666666667,33.06,96.5,192.4 
2023-02-22 00:00:00,783.68,2042,41.74,62.5,8.108333333333333,8.65,5.266666666666667,0.75,2.091666666666667,0.275,,96.5,191.4 
2023-02-23 00:00:00,827.29,1976,28.86,63,7.7250000000000005,8.75,5.541666666666667,0.6,1.6416666666666666,0.5416666666666667,33.23,87,190.8 
2023-02-24 00:00:00,382.85,1824,32,63,7.275000000000001,9.45,4.591666666666667,0.8833333333333333,1.7833333333333334,0.04166666666666667,,98,190.2 
2023-02-25 00:00:00,441.5,1922,34.8,62,9.966666666666669,11.966666666666667,5.116666666666666,0.8416666666666667,2.15,0.05,,84,190 
2023-02-26 00:00:00,351.16,1910,35.47,63,7.358333333333333,7.7,5.349999999999999,0.275,1.875,0.058333333333333334,,95,191.4 
2023-02-27 00:00:00,393.69,1952,28.56,63.67,8.316666666666668,10.433333333333334,5.458333333333334,0.025,2.2500000000000004,0.4583333333333334,,73,190.6 
2023-02-28 00:00:00,483.89,2036,30.47,62.5,8.325,9.1,5.733333333333334,0.5166666666666667,1.5583333333333331,0.5833333333333334,,86.5,191 
2023-03-01 00:00:00,721.47,2068,30.14,61.5,7.833333333333334,9.066666666666666,5.475,0.9750000000000001,1.9416666666666667,0.325,33.27,104,189.4 
2023-03-02 00:00:00,909.78,1967,29.21,63,8.183333333333332,8.666666666666666,5.283333333333334,0.7166666666666667,2.0583333333333336,0.016666666666666666,,101,189.2 
2023-03-03 00:00:00,369.99,2006,27.03,62.5,8.691666666666665,9.733333333333333,4.858333333333334,0.825,2.3333333333333335,0.675,,93.5,188.6 
2023-03-04 00:00:00,400.63,1086,24.22,67.5,,,,,,,33.24,110,188.4 
