summary_date,sleep.period_id,sleep.is_longest,sleep.deep,sleep.bedtime_start,sleep.bedtime_end,sleep.duration,sleep.total,sleep.awake,sleep.rem,sleep.light,sleep.deep,sleep.hr_lowest,sleep.hr_average,sleep.efficiency,sleep.onset_latency,sleep.restless,sleep.temperature_delta,sleep.breath_average,sleep.score,sleep.rmssd,activity.score,activity.daily_movement,activity.non_wear,activity.rest,activity.inactive,activity.low,activity.medium,activity.high,activity.steps,activity.cal_total,activity.cal_active,readiness.period_id,readiness.score
2021-12-04,0,1,3000,2021-12-04T21:45:31-08:00,2021-12-05T05:47:31-08:00,28920,25830,3090,8970,13860,3000,68.0,77.826,89,510,3,-0.31,16.5,90,19,98.0,38833,454,376,230,89,3,288,1746,4471,2342,0,81
2021-12-05,0,1,2520,2021-12-05T21:11:45-08:00,2021-12-06T06:41:45-08:00,34200,29040,5160,7650,18870,2520,66.0,70.481,85,930,3,0.07,15.5,89,18,88.0,1919,0,593,703,141,2,1,2914,2423,142,0,87
2021-12-06,0,1,2700,2021-12-06T21:04:39-08:00,2021-12-07T05:57:39-08:00,31980,29220,2760,8970,17550,2700,64.0,73.157,91,570,3,0.14,15.125,89,17,86.0,5901,0,631,553,209,46,1,8626,2739,393,0,80
2021-12-07,0,1,4230,2021-12-07T22:26:44-08:00,2021-12-08T06:05:44-08:00,27540,26730,810,7320,15180,4230,60.0,66.046,97,300,3,-0.09,14.875,90,24,73.0,1228,82,462,785,111,0,0,2193,2447,108,0,86
2021-12-08,0,1,180,2021-12-08T21:52:04-08:00,2021-12-09T05:56:04-08:00,29040,26610,2430,6990,19440,180,63.0,71.404,92,300,3,0.27,15.0,85,21,70.0,1654,0,487,816,136,1,0,2490,2466,128,0,88
2021-12-09,0,1,4080,2021-12-09T20:33:18-08:00,2021-12-10T05:35:18-08:00,32520,29700,2820,7230,18390,4080,62.0,67.57,91,2040,3,0.1,14.875,90,27,60.0,1030,0,674,678,88,0,0,1778,2321,82,0,87
2021-12-10,0,1,390,2021-12-10T22:33:40-08:00,2021-12-11T07:26:40-08:00,31980,29040,2940,10140,18510,390,62.0,66.875,91,810,3,-0.25,15.0,89,28,48.0,1892,0,406,857,173,4,0,2981,2569,160,0,91
2021-12-11,1,1,1440,2021-12-11T20:58:03-08:00,2021-12-12T07:56:03-08:00,39480,28560,10920,8730,18390,1440,62.0,67.827,72,2940,3,-0.17,14.75,75,30,43.0,1589,0,512,816,108,4,0,2115,2395,110,1,85
2021-12-12,0,1,2640,2021-12-12T21:59:43-08:00,2021-12-13T06:52:43-08:00,31980,27390,4590,10440,14310,2640,62.0,68.74,86,300,3,-0.26,14.375,86,21,52.0,2323,232,575,505,125,3,0,2606,2376,134,0,86
2021-12-13,0,1,4770,2021-12-13T22:55:37-08:00,2021-12-14T06:01:37-08:00,25560,24720,840,8160,11790,4770,63.0,70.694,97,240,3,-0.25,14.5,88,25,43.0,2344,0,475,778,187,0,0,3446,2542,168,0,82
2021-12-14,0,1,4620,2021-12-14T21:40:36-08:00,2021-12-15T05:25:36-08:00,27900,26580,1320,10950,11010,4620,67.0,72.859,95,330,2,-0.33,15.0,91,29,42.0,2415,0,489,743,206,2,0,3616,2541,178,0,83
2021-12-15,0,1,5310,2021-12-15T21:14:50-08:00,2021-12-16T04:06:50-08:00,24720,23130,1590,7560,10260,5310,65.0,72.438,94,360,3,-0.07,13.625,84,22,44.0,2440,0,486,761,191,2,0,3508,2534,175,0,82
2021-12-16,0,1,5160,2021-12-16T20:04:41-08:00,2021-12-17T05:46:41-08:00,34920,33450,1470,13140,15150,5160,69.0,75.517,96,360,2,-0.18,13.5,96,22,41.0,2259,0,493,773,172,2,0,3364,2496,158,0,84
2021-12-17,0,1,4860,2021-12-17T21:37:14-08:00,2021-12-18T05:17:14-08:00,27600,26610,990,7500,14250,4860,68.0,73.333,96,180,3,-0.03,16.125,89,32,40.0,1868,30,551,717,140,2,0,2589,2459,133,0,76
2021-12-18,0,1,8730,2021-12-18T23:36:07-08:00,2021-12-19T07:29:07-08:00,28380,25410,2970,10440,6240,8730,69.0,74.708,90,180,3,-0.28,15.5,86,30,34.0,1731,0,348,961,129,2,0,2613,2542,131,0,76
2021-12-19,1,1,4410,2021-12-19T21:56:35-08:00,2021-12-20T05:23:35-08:00,26820,25380,1440,5820,15150,4410,66.0,71.43,95,660,3,-0.28,15.375,89,31,41.0,1238,0,589,783,66,2,0,1519,2341,86,1,81
2021-12-20,0,1,4350,2021-12-20T21:39:44-08:00,2021-12-21T06:09:44-08:00,30600,25260,5340,8280,12630,4350,67.0,71.767,83,840,3,-0.23,16.125,89,31,40.0,2163,81,420,767,168,4,0,3459,2524,163,0,85
2021-12-21,2,1,3990,2021-12-21T21:15:03-08:00,2021-12-22T05:41:03-08:00,30360,27270,3090,8400,14880,3990,69.0,77.516,90,630,3,0.26,14.375,92,22,43.0,2097,0,536,739,160,4,1,3114,2466,154,2,79
2021-12-22,0,1,2520,2021-12-22T21:39:18-08:00,2021-12-23T07:16:18-08:00,34620,30810,3810,8550,19740,2520,70.0,76.869,89,1080,3,0.04,15.5,91,20,38.0,961,0,465,858,117,0,0,1975,2479,99,0,78
2021-12-23,0,1,4980,2021-12-23T21:50:52-08:00,2021-12-24T07:18:52-08:00,34080,30210,3870,7980,17250,4980,63.0,72.664,89,1020,2,-0.14,15.25,96,31,46.0,4664,0,532,629,273,6,0,5981,2654,291,0,89
2021-12-24,1,1,4140,2021-12-24T22:46:56-08:00,2021-12-25T06:57:56-08:00,29460,25110,4350,5670,15300,4140,64.0,71.391,85,780,4,0.08,16.0,87,34,43.0,3672,0,497,723,213,7,0,4831,2566,230,1,85
2021-12-25,0,1,2340,2021-12-25T22:21:55-08:00,2021-12-26T05:33:55-08:00,25920,24120,1800,5310,16470,2340,67.0,77.821,93,630,3,-0.1,14.5,81,16,43.0,3295,70,501,687,176,6,0,3996,2472,197,0,72
2021-12-26,0,1,4020,2021-12-26T22:42:58-08:00,2021-12-27T05:40:58-08:00,25080,23910,1170,8670,11220,4020,68.0,73.909,95,600,3,-0.59,15.75,87,29,40.0,2345,0,427,861,146,6,0,3363,2535,164,0,77
2021-12-27,0,1,2670,2021-12-27T22:50:13-08:00,2021-12-28T06:07:13-08:00,26220,24690,1530,9360,12660,2670,67.0,73.2,94,360,4,-0.79,16.25,82,35,40.0,2298,0,402,881,150,7,0,3462,2560,166,0,78
2021-12-28,0,1,3390,2021-12-28T23:47:40-08:00,2021-12-29T05:59:40-08:00,22320,20550,1770,6330,10830,3390,71.0,76.597,92,240,3,-0.16,14.75,79,25,35.0,2127,0,394,915,129,2,0,2723,2503,140,0,68
2021-12-29,0,1,5970,2021-12-29T21:49:21-08:00,2021-12-30T06:28:21-08:00,31140,23940,7200,6600,11370,5970,70.0,74.812,77,30,3,-0.24,14.875,80,21,42.0,2323,0,481,809,149,1,0,3081,2482,152,0,74
2021-12-30,0,1,4350,2021-12-30T21:53:04-08:00,2021-12-31T06:31:04-08:00,31080,26010,5070,7950,13710,4350,68.0,76.309,84,1170,3,-0.17,14.0,89,15,38.0,1871,0,494,828,112,6,0,2423,2443,126,0,74
2021-12-31,0,1,2400,2021-12-31T20:58:33-08:00,2022-01-01T06:26:33-08:00,34080,28920,5160,9060,17460,2400,70.0,77.337,85,1230,3,0.18,14.625,88,17,48.0,4792,115,528,653,115,12,17,4305,2601,306,0,75
2022-01-01,0,1,5280,2022-01-01T21:38:32-08:00,2022-01-02T06:02:32-08:00,30240,26820,3420,10530,11010,5280,70.0,74.468,89,660,3,-0.14,16.0,91,22,49.0,1603,0,500,814,124,2,0,2373,2428,116,0,77
2022-01-02,0,1,690,2022-01-02T21:21:02-08:00,2022-01-03T06:05:02-08:00,31440,29400,2040,6990,21720,690,67.0,75.96,94,1200,3,-0.09,14.625,87,20,69.0,14393,0,511,590,240,54,45,12958,3231,870,0,69
2022-01-03,1,1,4260,2022-01-03T23:04:31-08:00,2022-01-04T06:20:31-08:00,26160,23580,2580,8550,10770,4260,68.0,75.861,90,210,3,-0.08,15.375,84,21,69.0,2659,0,440,800,197,3,0,3890,2580,189,1,69
2022-01-04,0,1,3270,2022-01-04T22:05:07-08:00,2022-01-05T06:09:07-08:00,29040,25680,3360,7410,15000,3270,68.0,72.06,88,360,3,-0.17,15.25,85,25,74.0,6501,0,449,712,236,43,0,8769,2809,412,0,76
2022-01-05,1,1,6360,2022-01-05T21:54:42-08:00,2022-01-06T06:02:42-08:00,29280,27420,1860,7650,13410,6360,68.0,76.076,94,300,3,-0.19,16.125,91,29,85.0,8064,150,482,577,189,8,34,7701,2911,570,1,75
2022-01-06,0,1,4650,2022-01-06T22:03:39-08:00,2022-01-07T05:57:39-08:00,28440,24960,3480,8460,11850,4650,67.0,72.375,88,540,3,0.02,15.125,88,24,78.0,5425,0,444,738,219,39,0,7740,2754,373,0,80
2022-01-07,0,1,3030,2022-01-07T22:25:43-08:00,2022-01-08T06:48:43-08:00,30180,27060,3120,10290,13740,3030,69.0,78.194,90,240,3,0.06,14.625,87,17,73.0,2154,0,454,808,178,0,0,3313,2523,156,0,69
2022-01-08,1,1,2820,2022-01-08T22:16:11-08:00,2022-01-09T06:11:11-08:00,28500,27600,900,10050,14730,2820,71.0,75.809,97,390,2,-0.04,14.5,91,18,87.0,15690,0,636,537,164,10,93,8267,3331,1017,1,68
2022-01-09,0,1,3420,2022-01-09T23:02:28-08:00,2022-01-10T05:47:28-08:00,24300,23340,960,6540,13380,3420,69.0,73.9,96,270,2,-0.23,14.375,83,15,81.0,13696,0,431,776,137,9,87,6980,3282,903,0,61
2022-01-10,0,1,2700,2022-01-10T21:54:42-08:00,2022-01-11T06:18:42-08:00,30240,26280,3960,9510,14070,2700,65.0,72.154,87,240,3,-0.24,16.0,84,24,83.0,4544,74,462,679,201,24,0,6003,2648,289,0,72
2022-01-11,0,1,4560,2022-01-11T22:00:58-08:00,2022-01-12T06:04:58-08:00,29040,24420,4620,8400,11460,4560,65.0,69.5,84,150,3,0.29,14.5,83,18,74.0,3740,0,493,709,232,6,0,4778,2607,239,0,77
2022-01-12,0,1,2040,2022-01-12T21:20:55-08:00,2022-01-13T07:24:55-08:00,36240,28680,7560,9960,16680,2040,65.0,69.89,79,2220,2,-0.37,15.125,81,22,77.0,2457,0,515,746,177,2,0,3202,2506,164,0,78
2022-01-13,0,1,2160,2022-01-13T22:01:56-08:00,2022-01-14T05:17:56-08:00,26160,24660,1500,10320,12180,2160,66.0,72.901,94,510,2,0.06,14.75,83,17,74.0,2915,0,526,720,191,3,0,3983,2529,192,0,75
2022-01-14,0,1,1920,2022-01-14T20:51:56-08:00,2022-01-15T04:37:56-08:00,27960,25230,2730,10200,13110,1920,65.0,70.574,90,210,3,-0.23,16.625,83,27,65.0,2995,0,487,747,201,5,0,4077,2560,201,0,81
2022-01-15,0,1,2700,2022-01-15T22:33:59-08:00,2022-01-16T07:56:59-08:00,33780,25830,7950,8010,15120,2700,67.0,73.904,76,540,3,0.07,15.125,82,22,72.0,22065,75,359,715,130,7,154,7691,3882,1461,0,67
2022-01-16,0,1,3900,2022-01-16T22:12:35-08:00,2022-01-17T07:10:35-08:00,32280,30930,1350,9480,17550,3900,66.0,75.792,96,210,3,0.24,15.875,93,22,71.0,7224,0,560,641,187,52,0,9135,2745,427,0,77
2022-01-17,0,1,5790,2022-01-17T22:53:44-08:00,2022-01-18T06:15:44-08:00,26520,25290,1230,10710,8790,5790,66.0,69.747,95,750,3,0.02,14.5,91,18,73.0,6649,0,481,740,163,56,0,7502,2753,395,0,81
2022-01-18,0,1,5970,2022-01-18T21:51:18-08:00,2022-01-19T06:49:18-08:00,32280,29460,2820,11340,12150,5970,61.0,69.634,91,450,2,0.14,14.125,95,18,74.0,5943,0,515,674,210,41,0,8172,2742,379,0,82
2022-01-19,0,1,4290,2022-01-19T22:28:32-08:00,2022-01-20T06:41:32-08:00,29580,27630,1950,10890,12450,4290,63.0,72.0,93,180,3,-0.08,14.375,91,21,69.0,2881,0,488,736,208,8,0,3991,2591,203,0,78
2022-01-20,0,1,6930,2022-01-20T22:51:51-08:00,2022-01-21T07:50:51-08:00,32340,29490,2850,10980,11580,6930,62.0,70.554,91,570,2,0.17,14.375,95,21,73.0,2773,20,458,749,209,3,1,4014,2618,210,0,85
2022-01-21,0,1,3510,2022-01-21T21:25:30-08:00,2022-01-22T06:43:30-08:00,33480,30660,2820,8640,18510,3510,66.0,75.327,92,270,3,0.09,14.75,92,19,79.0,7605,0,596,566,228,50,0,8956,2775,443,0,80
2022-01-22,0,1,6330,2022-01-22T22:57:14-08:00,2022-01-23T07:46:14-08:00,31740,28380,3360,7950,14100,6330,63.0,70.031,89,180,3,-0.02,15.25,92,25,78.0,21576,57,454,620,157,14,138,11520,3771,1400,0,72
2022-01-23,0,1,3720,2022-01-23T23:07:17-08:00,2022-01-24T07:02:17-08:00,28500,23910,4590,6690,13500,3720,66.0,73.658,84,330,3,-0.23,15.125,83,22,70.0,8483,0,542,698,133,67,0,10797,2833,504,0,73
2022-01-24,0,1,4410,2022-01-24T21:16:06-08:00,2022-01-25T05:58:06-08:00,31320,28560,2760,9750,14400,4410,66.0,71.157,91,540,2,-0.03,14.375,94,22,75.0,5755,0,570,643,185,42,0,7625,2690,357,0,85
2022-01-25,0,1,3870,2022-01-25T21:25:14-08:00,2022-01-26T07:25:14-08:00,36000,31380,4620,13560,13950,3870,63.0,72.585,87,570,3,-0.12,16.0,92,24,71.0,5933,0,497,693,204,46,0,8204,2742,390,0,80
2022-01-26,0,1,5790,2022-01-26T23:02:50-08:00,2022-01-27T03:15:50-08:00,15180,11970,3210,2550,3630,5790,65.0,73.073,79,690,4,-0.13,14.0,59,22,77.0,11754,31,473,575,308,16,37,11798,3165,773,0,58
2022-01-27,0,1,5550,2022-01-27T23:34:46-05:00,2022-01-28T07:32:46-05:00,28680,27510,1170,8430,13530,5550,70.0,80.419,96,240,2,0.1,14.75,89,19,70.0,3737,0,403,797,231,9,0,5302,2648,249,0,70
2022-01-28,1,1,5190,2022-01-29T00:50:57-05:00,2022-01-29T10:03:57-05:00,33180,30450,2730,12780,12480,5190,81.0,89.614,92,570,3,0.04,14.875,88,10,89.0,10128,0,411,603,377,42,7,11246,3027,606,1,68
2022-01-29,0,1,4410,2022-01-30T00:19:00-05:00,2022-01-30T07:41:00-05:00,26520,24780,1740,7230,13140,4410,68.0,75.943,93,1140,3,0.19,14.75,86,22,86.0,3813,104,595,518,213,10,0,4628,2514,239,0,73
2022-01-31,0,1,4290,2022-01-31T18:05:48-08:00,2022-02-01T06:02:48-08:00,43020,36210,6810,12900,19020,4290,66.0,74.155,84,1140,3,-0.31,16.25,93,26,82.0,4328,53,659,525,184,19,0,5740,2518,261,0,83
2022-02-01,0,1,5400,2022-02-01T22:56:45-08:00,2022-02-02T06:45:45-08:00,28140,25800,2340,8370,12030,5400,63.0,69.901,92,990,3,-0.24,14.25,91,29,72.0,1893,0,441,842,155,2,0,2978,2544,148,0,81
2022-02-02,0,1,2940,2022-02-02T21:13:23-08:00,2022-02-03T05:55:23-08:00,31320,29130,2190,9570,16620,2940,67.0,72.822,93,750,3,0.15,15.25,90,22,74.0,6855,0,565,593,231,51,0,9027,2783,435,0,86
2022-02-03,0,1,5160,2022-02-03T22:36:35-08:00,2022-02-04T08:15:35-08:00,34740,30000,4740,10560,14280,5160,66.0,72.688,86,360,2,-0.04,16.0,92,23,77.0,9107,4,448,729,186,72,1,10479,2977,583,0,83
2022-02-04,0,1,4410,2022-02-04T21:52:10-08:00,2022-02-05T06:49:10-08:00,32220,29280,2940,10170,14700,4410,64.0,68.781,91,300,2,-0.37,16.125,94,32,72.0,2845,31,588,590,225,6,0,4149,2543,207,0,92
2022-02-05,1,1,2760,2022-02-06T00:39:16-08:00,2022-02-06T09:53:16-08:00,33240,31080,2160,8940,19380,2760,72.0,79.22,94,240,2,-0.09,15.875,82,17,80.0,33305,0,426,639,88,287,0,10536,4517,2125,1,67
2022-02-06,0,1,7470,2022-02-06T22:05:14-08:00,2022-02-07T07:36:14-08:00,34260,30720,3540,9390,13860,7470,61.0,66.72,90,570,3,0.19,14.75,95,24,81.0,6469,0,685,554,155,45,1,7369,2678,401,0,87
2022-02-07,0,1,3300,2022-02-07T21:57:00-08:00,2022-02-08T07:24:00-08:00,34020,27750,6270,11850,12600,3300,60.0,66.347,82,930,3,-0.41,15.875,89,28,77.0,2212,53,551,658,174,4,0,3321,2496,159,0,88
2022-02-08,0,1,5220,2022-02-08T23:10:40-08:00,2022-02-09T07:52:40-08:00,31320,27210,4110,10080,11910,5220,64.0,70.219,87,390,3,-0.67,15.75,89,23,76.0,3726,0,472,750,214,4,0,4649,2607,229,0,85
2022-02-09,0,1,630,2022-02-09T22:11:34-08:00,2022-02-10T08:00:34-08:00,35340,32460,2880,9180,22650,630,64.0,78.139,92,180,2,0.59,15.875,85,19,79.0,6345,0,548,648,202,42,0,8248,2768,417,0,77
2022-02-10,1,1,3240,2022-02-10T21:44:46-08:00,2022-02-11T06:56:46-08:00,33120,30030,3090,5610,21180,3240,65.0,72.886,91,630,3,0.0,14.75,92,19,,5631,0,632,609,154,45,0,7625,2638,351,1,83
2022-02-11,0,1,6600,2022-02-11T22:58:22-08:00,2022-02-12T07:15:22-08:00,29820,26640,3180,9480,10560,6600,66.0,69.615,89,1530,3,-0.37,16.125,87,35,73.0,6045,0,455,772,166,46,1,7325,2731,373,0,86
2022-02-12,0,1,3450,2022-02-12T21:45:49-08:00,2022-02-13T06:36:49-08:00,31860,28830,3030,9570,15810,3450,60.0,67.03,90,540,3,0.01,14.875,92,24,72.0,5039,58,528,700,111,43,0,6398,2550,312,0,90
2022-02-13,0,1,540,2022-02-13T20:51:29-08:00,2022-02-14T06:01:29-08:00,33000,30060,2940,7920,21600,540,60.0,77.612,91,960,3,0.18,15.625,88,17,77.0,25088,0,547,565,142,186,0,10701,3945,1634,0,75
2022-02-14,0,1,3810,2022-02-14T21:46:52-08:00,2022-02-15T06:33:52-08:00,31620,29400,2220,10170,15420,3810,62.0,68.961,93,780,3,-0.2,15.0,94,21,66.0,2438,0,486,771,180,3,0,3331,2453,166,0,84
2022-02-15,0,1,3630,2022-02-15T21:37:37-08:00,2022-02-16T04:30:37-08:00,24780,23430,1350,6180,13620,3630,60.0,63.537,95,420,3,-0.29,15.125,85,30,75.0,3362,0,532,682,218,8,0,4520,2534,223,0,80
2022-02-16,0,1,4680,2022-02-16T21:03:49-08:00,2022-02-17T07:01:49-08:00,35880,31650,4230,9450,17520,4680,64.0,70.62,88,210,2,-0.18,15.25,92,20,70.0,3233,0,441,790,206,3,0,4300,2539,209,0,89
2022-02-17,1,1,3510,2022-02-17T21:56:25-08:00,2022-02-18T05:43:25-08:00,28020,26250,1770,5550,17190,3510,63.0,71.58,94,960,3,-0.09,16.625,89,23,78.0,7300,186,536,548,123,10,37,7137,2748,493,1,80
2022-02-18,0,1,4770,2022-02-18T22:38:41-08:00,2022-02-19T05:41:41-08:00,25380,24690,690,9030,10890,4770,64.0,69.162,97,210,2,-0.3,14.75,88,25,74.0,8536,0,445,756,186,9,44,5681,2906,566,0,81
2022-02-19,0,1,5010,2022-02-19T21:48:34-08:00,2022-02-20T07:56:34-08:00,36480,31260,5220,9810,16440,5010,63.0,69.626,86,780,2,0.31,14.75,93,21,78.0,9756,0,464,709,229,38,0,8200,2862,533,0,88
2022-02-20,0,1,4980,2022-02-20T22:36:30-08:00,2022-02-21T07:14:30-08:00,31080,28530,2550,13260,10290,4980,62.0,68.624,92,420,2,-0.49,14.625,94,23,80.0,12447,0,525,666,172,15,62,7054,3090,782,0,82
2022-02-21,0,1,4830,2022-02-21T21:46:01-08:00,2022-02-22T04:13:01-08:00,23220,21150,2070,4890,11430,4830,66.0,70.73,91,540,3,0.14,15.125,80,21,78.0,6804,0,537,660,195,48,0,8793,2745,426,0,78
2022-02-22,0,1,7410,2022-02-22T22:59:07-08:00,2022-02-23T06:35:07-08:00,27360,25740,1620,10050,8280,7410,64.0,69.286,94,540,3,-0.42,15.25,90,26,70.0,1477,137,332,833,136,2,0,2722,2496,130,0,83
2022-02-23,0,1,300,2022-02-23T20:11:24-08:00,2022-02-24T05:53:24-08:00,34920,27990,6930,8550,19140,300,63.0,72.673,80,510,3,0.37,15.25,80,23,89.0,9344,0,595,598,197,15,35,9369,2928,620,0,75
2022-02-24,0,1,5160,2022-02-24T22:35:55-08:00,2022-02-25T07:05:55-08:00,30600,27690,2910,9480,13050,5160,63.0,68.404,90,720,3,0.13,14.75,94,21,78.0,1898,0,426,881,130,3,0,2666,2416,127,0,88
2022-02-25,0,1,5010,2022-02-25T22:05:37-08:00,2022-02-26T06:47:37-08:00,31320,27210,4110,10770,11430,5010,62.0,71.66,87,540,3,0.01,14.5,91,22,77.0,8062,0,507,735,147,9,42,6490,2823,527,0,79
2022-02-26,0,1,3210,2022-02-26T21:17:30-08:00,2022-02-27T06:12:30-08:00,32100,29430,2670,9300,16920,3210,63.0,73.35,92,1170,3,0.34,16.0,92,25,77.0,23709,0,526,623,119,4,168,12845,3885,1562,0,70
2022-02-27,0,1,3420,2022-02-27T22:24:33-08:00,2022-02-28T06:10:33-08:00,27960,24390,3570,7770,13200,3420,65.0,71.286,87,930,3,0.23,14.75,83,26,82.0,13682,0,510,611,245,74,0,11129,3035,714,0,76
2022-02-28,0,1,3810,2022-02-28T20:44:31-08:00,2022-03-01T07:25:31-08:00,38460,35250,3210,11730,19710,3810,62.0,68.647,92,390,3,0.03,15.25,94,25,88.0,12379,97,604,449,203,55,32,10961,3149,829,0,82
2022-03-01,0,1,3330,2022-03-01T22:50:02-08:00,2022-03-02T06:11:02-08:00,26460,25590,870,11220,11040,3330,63.0,68.432,97,270,3,0.15,14.375,87,21,81.0,6032,0,508,688,200,44,0,8153,2770,390,0,78
2022-03-02,0,1,2580,2022-03-02T20:51:28-08:00,2022-03-03T06:02:28-08:00,33060,26640,6420,9060,15000,2580,58.0,64.789,81,270,3,-0.18,15.375,82,31,75.0,5297,0,536,690,170,44,0,7375,2665,338,0,77
2022-03-03,1,1,4740,2022-03-03T21:43:51-08:00,2022-03-04T05:37:51-08:00,28440,26310,2130,8400,13170,4740,61.0,66.231,93,180,3,0.13,14.375,89,21,88.0,8026,0,562,645,197,4,32,5453,2876,560,1,81
2022-03-04,0,1,2520,2022-03-04T20:43:59-08:00,2022-03-05T06:30:59-08:00,35220,29610,5610,12180,14910,2520,60.0,65.522,84,0,3,0.19,15.5,86,22,92.0,9684,0,518,640,204,78,0,9224,2915,594,0,84
2022-03-05,0,1,4500,2022-03-05T21:27:32-08:00,2022-03-06T05:13:32-08:00,27960,26880,1080,11100,11280,4500,65.0,67.782,96,540,3,0.14,14.75,92,18,91.0,15892,70,577,544,134,10,105,7243,3307,1041,0,76
2022-03-06,0,1,3420,2022-03-06T20:25:40-08:00,2022-03-07T05:08:40-08:00,31380,29070,2310,11850,13800,3420,63.0,68.118,93,1050,3,-0.11,15.25,92,22,88.0,25760,0,512,579,170,14,165,11182,3997,1668,0,74
2022-03-07,0,1,5010,2022-03-07T22:00:28-08:00,2022-03-08T07:49:28-08:00,35340,31830,3510,9000,17820,5010,61.0,67.973,90,180,3,0.15,15.25,94,25,85.0,10931,0,462,715,193,48,22,10267,3086,730,0,82
2022-03-08,0,1,3270,2022-03-08T22:01:38-08:00,2022-03-09T07:11:38-08:00,33000,28710,4290,9600,15840,3270,62.0,68.327,87,810,3,0.24,15.375,91,24,86.0,9697,0,548,579,260,9,44,7571,2999,656,0,81
2022-03-09,0,1,4980,2022-03-09T20:53:05-08:00,2022-03-10T06:49:05-08:00,35760,29940,5820,9870,15090,4980,58.0,64.602,84,1110,2,0.24,14.625,92,27,84.0,5615,0,575,567,286,12,0,6723,2682,344,0,86
2022-03-11,0,1,5550,2022-03-11T23:16:16-05:00,2022-03-12T08:02:16-05:00,31560,30660,900,11310,13800,5550,61.0,69.219,97,180,3,0.0,14.5,91,27,94.0,6045,0,572,604,229,34,1,6417,2676,360,0,80
2022-03-12,1,1,4740,2022-03-13T00:57:52-04:00,2022-03-13T09:02:52-04:00,29100,28170,930,10140,13290,4740,64.0,72.784,97,270,3,0.23,14.375,86,22,87.0,5165,0,504,650,274,12,0,6142,2631,311,1,77
2022-03-13,2,1,4020,2022-03-14T02:45:32-07:00,2022-03-14T07:26:32-07:00,16860,16230,630,5760,6450,4020,66.0,71.964,96,180,3,0.16,14.875,79,17,91.0,11012,0,512,533,336,59,0,9248,2982,614,2,72
2022-03-14,0,1,3060,2022-03-14T22:44:26-07:00,2022-03-15T08:05:26-07:00,33660,28560,5100,10380,15120,3060,60.0,66.667,85,150,3,-0.18,15.0,86,26,78.0,2741,0,525,718,193,4,0,3904,2513,186,0,84
2022-03-16,0,1,3390,2022-03-16T22:27:47-07:00,2022-03-17T08:02:47-07:00,34500,30150,4350,11100,15660,3390,64.0,70.168,87,450,2,0.22,14.5,92,27,68.0,1744,230,324,731,154,1,0,2830,2487,139,0,88
2022-03-17,0,1,5520,2022-03-17T22:18:23-07:00,2022-03-18T07:57:23-07:00,34740,31950,2790,10020,16410,5520,64.0,70.165,92,180,2,0.16,15.125,94,27,59.0,3630,0,556,634,245,4,1,5293,2587,244,0,91
2022-03-18,0,1,5700,2022-03-18T21:49:49-07:00,2022-03-19T08:12:49-07:00,37380,33390,3990,15330,12360,5700,65.0,71.209,89,990,3,-0.12,15.0,97,22,64.0,6517,0,570,679,148,43,0,7456,2726,427,0,91
2022-03-19,0,1,2970,2022-03-19T22:08:18-07:00,2022-03-20T06:32:18-07:00,30240,29430,810,10140,16320,2970,63.0,68.68,97,300,3,0.12,15.625,92,24,76.0,12121,0,599,612,144,54,31,9819,3051,783,0,88
2022-03-20,0,1,8820,2022-03-20T22:25:56-07:00,2022-03-21T06:39:56-07:00,29640,27090,2550,7350,10920,8820,65.0,68.657,91,210,3,-0.53,16.0,90,34,79.0,18547,50,482,547,249,60,52,15100,3496,1157,0,81
2022-03-21,0,1,780,2022-03-21T22:20:59-07:00,2022-03-22T07:18:59-07:00,32280,29610,2670,6420,22410,780,64.0,74.386,92,870,3,0.27,15.375,88,22,81.0,13887,0,512,627,204,10,87,12019,3328,947,0,74
2022-03-22,0,1,3360,2022-03-22T21:52:44-07:00,2022-03-23T05:08:44-07:00,26160,23700,2460,6030,14310,3360,66.0,72.476,91,990,3,0.32,15.75,85,24,76.0,6696,0,539,645,210,46,0,7299,2793,456,0,78
2022-03-23,0,1,2730,2022-03-23T21:09:52-07:00,2022-03-24T06:34:52-07:00,33900,30390,3510,10110,17550,2730,61.0,70.559,90,360,3,-0.1,15.375,89,29,76.0,9940,0,473,737,161,46,23,8501,2991,672,0,79
2022-03-24,0,1,2550,2022-03-24T21:43:27-07:00,2022-03-25T06:07:27-07:00,30240,26430,3810,9450,14430,2550,63.0,71.667,87,1620,3,0.18,16.125,85,22,71.0,7831,0,500,691,208,7,34,8005,2902,545,0,76
2022-03-25,1,1,7320,2022-03-25T22:21:24-07:00,2022-03-26T07:53:24-07:00,34320,31440,2880,8520,15600,7320,62.0,65.523,92,210,3,0.0,15.75,94,37,75.0,5428,101,515,666,119,39,0,6462,2626,352,1,92
2022-03-26,0,1,2820,2022-03-26T20:54:53-07:00,2022-03-27T06:34:53-07:00,34800,31440,3360,8400,20220,2820,60.0,68.718,90,510,3,-0.01,15.625,91,29,94.0,18833,0,617,471,229,24,99,13198,3503,1192,0,76
2022-03-27,0,1,3510,2022-03-27T21:15:33-07:00,2022-03-28T07:46:33-07:00,37860,33720,4140,12150,18060,3510,56.0,63.72,89,1500,3,-0.13,14.375,93,31,92.0,12192,0,547,566,252,75,0,13876,3020,703,0,88
2022-03-28,0,1,5760,2022-03-28T21:16:57-07:00,2022-03-29T07:28:57-07:00,36720,32370,4350,11520,15090,5760,57.0,63.0,88,510,3,0.3,15.25,95,30,89.0,2594,0,641,602,193,4,0,3524,2455,179,0,93
2022-03-29,0,1,3000,2022-03-29T21:33:26-07:00,2022-03-30T06:54:26-07:00,33660,28890,4770,8130,17760,3000,58.0,65.525,86,1230,3,0.28,14.875,89,25,90.0,7955,0,537,650,210,14,29,7725,2857,544,0,83
2022-03-30,0,1,3180,2022-03-30T21:02:40-07:00,2022-03-31T07:09:40-07:00,36420,31380,5040,9690,18510,3180,57.0,67.27,86,1500,3,-0.23,14.875,90,26,88.0,11750,47,551,585,182,43,32,9016,3093,785,0,82
2022-03-31,1,1,3330,2022-03-31T23:23:33-07:00,2022-04-01T07:08:33-07:00,27900,25140,2760,7500,14310,3330,61.0,67.133,90,180,3,0.18,14.375,85,22,87.0,9308,0,523,691,164,41,21,8359,2922,620,1,85
2022-04-01,0,1,6990,2022-04-01T21:47:06-07:00,2022-04-02T07:30:06-07:00,34980,30990,3990,6450,17550,6990,59.0,65.33,89,1020,3,0.07,14.875,96,34,82.0,7818,0,544,687,155,52,2,8726,2781,511,0,93
2022-04-02,0,1,3510,2022-04-02T21:49:31-07:00,2022-04-03T06:34:31-07:00,31500,28830,2670,9870,15450,3510,61.0,68.71,92,990,3,0.07,14.375,93,24,84.0,22468,0,528,552,218,14,128,15532,3771,1433,0,76
2022-04-03,0,1,3900,2022-04-03T22:02:12-07:00,2022-04-04T06:25:12-07:00,30180,29220,960,5220,20100,3900,58.0,63.96,97,210,3,0.07,14.25,90,38,70.0,6696,0,564,715,107,54,0,7190,2679,420,0,83
2022-04-04,0,1,5250,2022-04-04T22:11:02-07:00,2022-04-05T06:02:02-07:00,28260,26040,2220,8100,12690,5250,57.0,64.938,92,330,3,-0.68,14.5,88,37,83.0,5808,54,549,618,180,39,0,7525,2674,378,0,87
2022-04-05,1,1,6630,2022-04-05T21:59:55-07:00,2022-04-06T08:06:55-07:00,36420,33450,2970,12630,14190,6630,60.0,66.852,92,270,3,0.12,15.0,95,28,84.0,8957,0,522,633,233,9,43,7191,2930,597,1,88
2022-04-06,0,1,4200,2022-04-06T21:11:55-07:00,2022-04-07T07:11:55-07:00,36000,33360,2640,8400,20760,4200,59.0,69.37,93,300,2,0.2,15.5,94,23,87.0,9050,0,642,505,244,9,40,9030,2944,614,0,86
2022-04-07,0,1,900,2022-04-07T20:56:39-07:00,2022-04-08T07:03:39-07:00,36420,32460,3960,11820,19740,900,61.0,71.186,89,780,2,0.15,15.375,88,21,80.0,8619,0,578,609,205,8,40,7769,2911,582,0,82
2022-04-08,0,1,3270,2022-04-08T21:53:56-07:00,2022-04-09T06:24:56-07:00,30660,27510,3150,9750,14490,3270,60.0,70.848,90,210,3,0.03,15.125,87,24,85.0,17040,112,536,431,254,15,92,12063,3409,1085,0,78
2022-04-09,0,1,4920,2022-04-09T21:58:01-07:00,2022-04-10T07:20:01-07:00,33720,30150,3570,10830,14400,4920,60.0,66.546,89,1140,3,-0.04,15.375,94,29,70.0,6138,0,494,645,293,7,1,7068,2675,357,0,89
2022-04-10,2,1,5670,2022-04-10T21:56:24-07:00,2022-04-11T06:38:24-07:00,31320,28770,2550,9690,13410,5670,59.0,69.277,92,510,3,0.21,15.375,92,27,81.0,8174,0,599,539,262,35,5,9229,2823,518,2,85
2022-04-11,0,1,6630,2022-04-11T22:09:38-07:00,2022-04-12T06:19:38-07:00,29400,27900,1500,10320,10950,6630,65.0,68.565,95,270,3,-0.5,15.875,91,35,88.0,28523,0,500,370,292,278,0,10553,4097,1684,0,80
2022-04-12,2,1,8580,2022-04-12T22:21:33-07:00,2022-04-13T06:44:33-07:00,30180,28620,1560,10650,9390,8580,62.0,67.43,95,150,3,-0.03,16.0,92,34,88.0,8593,0,549,592,256,16,27,7148,2903,551,2,86
2022-04-13,0,1,2400,2022-04-13T22:02:35-07:00,2022-04-14T06:59:35-07:00,32220,28890,3330,6900,19590,2400,60.0,67.22,90,630,3,-0.13,15.125,89,23,83.0,5836,72,502,552,298,16,0,7464,2687,351,0,85
2022-04-14,2,1,4770,2022-04-14T22:17:11-07:00,2022-04-15T06:53:11-07:00,30960,30060,900,13530,11760,4770,61.0,69.369,97,330,2,0.01,15.0,95,26,84.0,3711,0,540,646,245,9,0,4914,2547,246,2,87
2022-04-15,0,1,3660,2022-04-15T21:59:48-07:00,2022-04-16T06:27:48-07:00,30480,28260,2220,9660,14940,3660,61.0,68.859,93,930,3,-0.43,14.625,92,30,73.0,7816,0,526,736,127,8,43,6080,2785,510,0,84
2022-04-16,1,1,1380,2022-04-16T23:05:15-07:00,2022-04-17T06:09:15-07:00,25440,23790,1650,7890,14520,1380,63.0,68.071,94,870,3,-0.13,15.125,81,29,82.0,15257,0,468,716,153,14,89,11272,3271,973,1,72
2022-04-17,0,1,900,2022-04-17T21:55:18-07:00,2022-04-18T07:13:18-07:00,33480,29580,3900,8610,20070,900,64.0,72.825,88,1140,3,0.07,14.625,85,20,75.0,7470,0,457,790,148,45,0,8146,2732,453,0,77
2022-04-18,0,1,2130,2022-04-18T22:17:54-07:00,2022-04-19T06:20:54-07:00,28980,26640,2340,5490,19020,2130,64.0,71.096,92,480,3,-0.09,16.125,84,27,77.0,8509,0,507,726,149,58,0,6442,2853,554,0,74
2022-04-19,0,1,1290,2022-04-19T22:08:13-07:00,2022-04-20T07:01:13-07:00,31980,27090,4890,9450,16350,1290,61.0,67.126,85,2400,3,-0.2,15.125,76,23,69.0,3378,80,470,697,182,11,0,4543,2496,210,0,81
2022-04-20,0,1,2370,2022-04-20T22:13:07-07:00,2022-04-21T06:56:07-07:00,31380,29850,1530,12090,15390,2370,60.0,73.243,95,870,3,0.33,15.625,91,21,85.0,19707,0,548,601,154,109,28,10614,3596,1288,0,75
2022-04-21,0,1,3840,2022-04-21T22:14:20-07:00,2022-04-22T07:34:20-07:00,33600,29220,4380,8910,16470,3840,62.0,66.837,87,1140,3,-0.02,15.375,92,28,83.0,7091,0,509,679,209,43,0,8295,2741,443,0,85
2022-04-22,0,1,1590,2022-04-22T21:28:04-07:00,2022-04-23T06:03:04-07:00,30900,28440,2460,10440,16410,1590,59.0,62.633,92,930,3,-0.14,14.5,89,21,81.0,2841,0,571,687,179,3,0,3669,2430,181,0,86
2022-04-23,1,1,1860,2022-04-23T21:11:59-07:00,2022-04-24T06:33:59-07:00,33720,31590,2130,15240,14490,1860,59.0,64.387,94,1110,3,0.06,14.5,90,26,82.0,16997,0,594,504,250,6,86,9629,3339,1048,1,77
2022-04-24,0,1,1350,2022-04-24T23:28:03-07:00,2022-04-25T06:19:03-07:00,24660,23490,1170,12810,9330,1350,62.0,65.744,95,300,3,-0.09,14.625,80,16,86.0,17253,95,512,586,129,7,111,10699,3380,1106,0,66
2022-04-25,0,1,420,2022-04-25T21:22:36-07:00,2022-04-26T05:46:36-07:00,30240,28260,1980,9630,18210,420,58.0,64.105,93,1230,3,-0.22,15.25,85,17,87.0,6961,0,523,575,332,10,0,8384,2732,402,0,76
2022-04-26,0,1,4170,2022-04-26T21:47:59-07:00,2022-04-27T06:14:59-07:00,30420,27480,2940,7710,15600,4170,58.0,62.188,90,300,2,-0.46,15.625,90,32,86.0,7400,0,517,669,213,34,7,7618,2780,463,0,82
2022-04-27,0,1,2550,2022-04-27T20:58:22-07:00,2022-04-28T05:49:22-07:00,31860,27570,4290,10110,14910,2550,60.0,67.863,87,2580,3,-0.06,15.125,79,27,90.0,19351,0,528,570,197,145,0,17652,3586,1252,0,70
2022-04-28,0,1,1980,2022-04-28T23:15:59-07:00,2022-04-29T06:40:59-07:00,26700,25650,1050,5820,17850,1980,61.0,68.477,96,240,3,-0.09,14.375,83,20,90.0,9318,0,411,768,212,17,32,7451,2980,626,0,70
2022-04-29,1,1,3840,2022-04-29T22:37:46-07:00,2022-04-30T06:44:46-07:00,29220,27870,1350,7320,16710,3840,62.0,66.072,95,510,3,-0.44,15.0,91,26,82.0,1678,77,479,742,142,0,0,2535,2396,118,1,81
2022-04-30,0,1,6420,2022-04-30T21:13:07-07:00,2022-05-01T06:50:07-07:00,34620,31110,3510,10140,14550,6420,62.0,70.102,90,450,3,0.02,15.625,94,27,93.0,19179,0,577,568,160,6,129,13069,3558,1257,0,73
2022-05-01,0,1,1350,2022-05-01T22:05:53-07:00,2022-05-02T05:28:53-07:00,26580,24420,2160,10500,12570,1350,64.0,68.612,92,1080,3,0.14,14.75,82,19,81.0,5000,0,487,760,170,23,0,4884,2586,290,0,72
2022-05-02,0,1,7080,2022-05-02T20:53:00-07:00,2022-05-03T06:47:00-07:00,35640,32940,2700,14280,11580,7080,58.0,67.026,92,1080,2,-0.16,14.75,97,25,86.0,7890,0,505,685,216,7,27,7526,2833,532,0,84
2022-05-03,0,1,3570,2022-05-03T22:21:59-07:00,2022-05-04T05:47:59-07:00,26760,25560,1200,11550,10440,3570,62.0,65.103,96,450,3,0.09,14.5,88,23,87.0,3671,0,496,738,188,18,0,5055,2553,243,0,84
2022-05-04,1,1,4620,2022-05-04T22:36:21-07:00,2022-05-05T06:09:21-07:00,27180,25410,1770,11580,9210,4620,61.0,65.022,93,210,3,0.06,14.25,88,19,84.0,7040,60,460,672,201,46,1,8631,2781,457,1,82
2022-05-05,0,1,5490,2022-05-05T21:37:00-07:00,2022-05-06T05:58:00-07:00,30060,28350,1710,9090,13770,5490,61.0,65.626,94,450,3,-0.11,16.375,93,35,86.0,16393,0,502,583,244,111,0,15258,3368,1033,0,82
2022-05-06,0,1,2490,2022-05-06T21:12:58-07:00,2022-05-07T06:02:58-07:00,31800,29460,2340,9060,17910,2490,61.0,65.562,93,390,3,-0.49,15.375,89,22,79.0,2694,0,517,746,169,8,0,3770,2469,180,0,84
2022-05-07,1,1,1950,2022-05-07T21:39:43-07:00,2022-05-08T05:16:43-07:00,27420,25770,1650,11340,12480,1950,61.0,63.742,94,600,3,-0.02,14.75,83,21,76.0,5243,0,518,714,190,17,1,5971,2569,297,1,82
2022-05-08,0,1,3480,2022-05-08T21:48:39-07:00,2022-05-09T06:25:39-07:00,31020,29400,1620,14850,11070,3480,60.0,63.23,95,1080,2,-0.02,14.375,95,19,76.0,4052,0,475,777,181,7,0,4780,2493,227,0,88
2022-05-09,0,1,1110,2022-05-09T21:02:39-07:00,2022-05-10T06:39:39-07:00,34620,31470,3150,14790,15570,1110,58.0,65.054,91,330,3,0.02,14.5,87,16,83.0,11425,0,559,630,169,59,23,9671,3031,751,0,80
2022-05-10,0,1,3810,2022-05-10T22:24:04-07:00,2022-05-11T06:13:04-07:00,28140,24570,3570,6690,14070,3810,59.0,64.698,87,600,3,-0.53,16.375,85,21,78.0,2444,311,488,475,163,3,0,3198,2367,151,0,77
2022-05-11,0,1,1230,2022-05-11T20:58:41-07:00,2022-05-12T06:31:41-07:00,34380,30120,4260,12000,16890,1230,57.0,65.419,88,1200,2,-0.41,14.125,85,30,84.0,14914,0,527,645,163,8,97,13611,3286,985,0,71
2022-05-12,0,1,180,2022-05-12T21:31:08-07:00,2022-05-13T06:10:08-07:00,31140,29280,1860,16260,12840,180,60.0,65.42,94,180,3,0.12,14.875,84,16,78.0,5365,10,545,566,312,7,0,6750,2651,328,0,80
2022-05-13,0,1,5010,2022-05-13T21:49:58-07:00,2022-05-14T07:09:58-07:00,33600,29100,4500,13890,10200,5010,61.0,66.832,87,210,3,-0.24,15.125,92,25,72.0,5621,0,512,744,142,42,0,7154,2640,353,0,85
2022-05-14,1,1,3780,2022-05-14T21:42:12-07:00,2022-05-15T07:08:12-07:00,33960,31440,2520,13710,13950,3780,61.0,66.146,93,270,2,0.23,14.625,93,21,76.0,4013,0,506,716,214,4,0,4752,2509,235,1,88
2022-05-15,0,1,1200,2022-05-15T20:28:14-07:00,2022-05-16T07:24:14-07:00,39360,35250,4110,18420,15630,1200,57.0,64.172,90,180,2,0.13,14.75,86,26,87.0,11645,0,677,488,212,9,54,10495,2950,713,0,84
2022-05-16,0,1,660,2022-05-16T21:45:15-07:00,2022-05-17T05:01:15-07:00,26160,23580,2580,8640,14280,660,62.0,67.024,90,480,3,0.29,14.25,78,23,83.0,8539,82,524,585,202,6,41,7509,2824,555,0,74
2022-05-17,0,1,330,2022-05-17T22:00:02-07:00,2022-05-18T05:44:02-07:00,27840,25950,1890,15210,10410,330,61.0,66.75,93,270,3,-0.27,14.625,80,18,77.0,6875,0,422,763,222,12,21,5788,2813,472,0,76
2022-05-18,0,1,4590,2022-05-18T22:03:22-07:00,2022-05-19T07:12:22-07:00,32940,30120,2820,10590,14940,4590,60.0,67.593,91,210,3,0.29,14.875,93,20,71.0,7440,0,478,753,167,18,24,6962,2775,485,0,83
2022-05-19,0,1,2520,2022-05-19T21:35:03-07:00,2022-05-20T06:26:03-07:00,31860,28530,3330,13230,12780,2520,61.0,67.515,90,630,2,0.22,14.375,89,26,81.0,18975,0,559,494,262,12,113,17395,3553,1222,0,74
2022-05-20,0,1,1800,2022-05-20T21:26:44-07:00,2022-05-21T05:58:44-07:00,30720,27900,2820,10770,15330,1800,60.0,65.488,91,510,3,-0.19,15.125,85,29,75.0,6571,0,540,651,216,33,0,4216,2670,404,0,84
2022-05-21,0,1,5490,2022-05-21T21:24:31-07:00,2022-05-22T06:25:31-07:00,32460,30720,1740,12510,12720,5490,60.0,64.377,95,480,2,0.11,15.125,96,27,89.0,10552,138,515,477,236,74,0,10632,2862,605,0,87
2022-05-22,0,1,390,2022-05-22T21:47:30-07:00,2022-05-23T05:58:30-07:00,29460,19860,9600,4770,14700,390,60.0,62.852,67,2430,3,0.02,16.875,59,31,90.0,27139,0,493,458,236,253,0,10706,3903,1564,0,65
2022-05-23,0,1,1530,2022-05-23T21:10:03-07:00,2022-05-24T07:09:03-07:00,35940,32670,3270,11820,19320,1530,60.0,64.856,91,1290,3,-0.18,15.625,89,26,88.0,11309,0,522,615,225,77,1,9864,3001,703,0,83
2022-05-24,0,1,1350,2022-05-24T21:57:29-07:00,2022-05-25T05:56:29-07:00,28740,25830,2910,10650,13830,1350,59.0,69.955,90,690,3,-0.54,15.375,84,22,89.0,9447,0,528,656,211,10,35,8954,2945,637,0,69
2022-05-25,0,1,2580,2022-05-25T20:37:15-07:00,2022-05-26T06:44:15-07:00,36420,32010,4410,12870,16560,2580,57.0,65.49,88,540,3,-0.09,15.25,90,26,88.0,9785,0,537,607,253,12,31,7794,2919,619,0,82
2022-05-26,0,1,4470,2022-05-26T22:11:42-07:00,2022-05-27T05:58:42-07:00,28020,25500,2520,10140,10890,4470,61.0,68.701,91,810,3,0.17,15.5,90,27,82.0,3347,55,491,682,200,12,0,4701,2485,210,0,81
2022-05-27,0,1,6930,2022-05-27T22:03:25-07:00,2022-05-28T05:40:25-07:00,27420,26490,930,11250,8310,6930,60.0,66.615,97,330,3,-0.18,15.625,91,29,89.0,14873,0,467,713,186,4,70,11935,3333,1010,0,75
2022-05-28,0,1,2970,2022-05-28T21:00:45-07:00,2022-05-29T07:11:45-07:00,36660,31530,5130,10770,17790,2970,65.0,74.256,86,180,3,-0.25,16.25,89,24,94.0,22392,0,569,543,167,161,0,14154,3704,1425,0,71
2022-05-29,0,1,5400,2022-05-29T22:26:51-07:00,2022-05-30T06:28:51-07:00,28920,24000,4920,9150,9450,5400,60.0,65.746,83,270,3,-0.2,15.5,82,31,92.0,3423,109,520,620,186,5,0,4175,2452,199,0,81
2022-05-30,0,1,3210,2022-05-30T21:16:47-07:00,2022-05-31T05:27:47-07:00,29460,27270,2190,13260,10800,3210,60.0,63.419,93,150,3,-0.08,15.25,88,22,85.0,4710,0,510,700,222,8,0,5748,2531,265,0,85
2022-05-31,0,1,1980,2022-05-31T22:43:37-07:00,2022-06-01T07:38:37-07:00,32100,28740,3360,9360,17400,1980,61.0,66.722,90,180,2,-0.13,15.25,86,24,83.0,8941,0,441,695,259,45,0,6447,2901,544,0,82
2022-06-01,0,1,2400,2022-06-01T21:58:59-07:00,2022-06-02T05:06:59-07:00,25680,23850,1830,7020,14430,2400,64.0,67.623,93,210,4,-0.07,15.5,81,24,85.0,7745,0,565,605,233,14,23,5591,2830,519,0,74
2022-06-02,0,1,1530,2022-06-02T22:45:59-07:00,2022-06-03T07:09:59-07:00,30240,26880,3360,5700,19650,1530,64.0,71.043,89,150,3,0.33,15.625,81,20,87.0,16887,0,431,687,234,16,72,14231,3465,1139,0,67
2022-06-03,0,1,5910,2022-06-03T22:50:49-07:00,2022-06-04T06:56:49-07:00,29160,25260,3900,9450,9900,5910,59.0,64.948,87,240,3,-0.39,16.0,87,32,79.0,1453,111,473,720,133,3,0,2377,2363,113,0,85
2022-06-04,1,1,3840,2022-06-04T20:15:09-07:00,2022-06-05T05:35:09-07:00,33600,31530,2070,11760,15930,3840,60.0,66.3,94,480,3,0.19,14.875,94,28,85.0,18417,0,624,538,152,9,117,10803,3388,1166,1,76
2022-06-05,0,1,7710,2022-06-05T21:49:04-07:00,2022-06-06T05:50:04-07:00,28860,25260,3600,6990,10560,7710,60.0,66.593,88,510,3,0.11,16.625,86,44,91.0,29679,0,480,503,154,303,0,12591,4057,1727,0,71
2022-06-06,0,1,3150,2022-06-06T21:37:42-07:00,2022-06-07T07:07:42-07:00,34200,30750,3450,8580,19020,3150,63.0,71.434,90,1170,3,0.25,16.875,93,28,92.0,15857,16,482,592,280,5,65,13046,3445,1099,0,70
2022-06-07,0,1,3270,2022-06-07T22:01:19-07:00,2022-06-08T06:20:19-07:00,29940,25620,4320,8100,14250,3270,56.0,63.261,86,420,3,0.07,15.0,85,27,91.0,10904,0,486,624,244,86,0,11849,3002,694,0,80
2022-06-08,0,1,3390,2022-06-08T22:03:19-07:00,2022-06-09T05:15:19-07:00,25920,25020,900,8010,13620,3390,57.0,62.548,97,480,3,0.13,14.75,88,24,88.0,5924,0,492,587,355,6,0,7521,2673,360,0,79
2022-06-09,0,1,3420,2022-06-09T21:25:03-07:00,2022-06-10T06:02:03-07:00,31020,26340,4680,10830,12090,3420,60.0,65.957,85,870,3,-0.28,15.125,89,19,91.0,7377,68,468,552,324,27,1,8846,2735,435,0,82
2022-06-10,0,1,2490,2022-06-10T21:43:59-06:00,2022-06-11T06:03:59-06:00,30000,28590,1410,14100,12000,2490,59.0,64.239,95,510,3,0.13,15.25,90,29,85.0,2642,0,532,719,186,3,0,3545,2414,171,0,85
2022-06-11,1,1,2370,2022-06-11T22:34:47-05:00,2022-06-12T06:10:47-05:00,27360,24690,2670,6540,15780,2370,59.0,67.241,90,690,3,0.14,15.875,84,37,75.0,2788,0,507,778,151,4,0,3533,2401,167,1,80
2022-06-12,0,1,5700,2022-06-12T21:37:13-04:00,2022-06-13T05:11:13-04:00,27240,25170,2070,6870,12600,5700,61.0,67.148,92,960,3,-0.28,15.625,89,33,62.0,2453,0,566,713,160,1,0,3365,2367,153,0,84
2022-06-13,0,1,5700,2022-06-13T23:37:56-04:00,2022-06-14T05:35:56-04:00,21480,19620,1860,7290,6630,5700,58.0,65.726,91,480,3,-0.22,14.875,79,29,64.0,8774,0,416,706,277,41,0,10188,2778,486,0,75
2022-06-14,0,1,3360,2022-06-14T22:46:27-04:00,2022-06-15T06:45:27-04:00,28740,27360,1380,8340,15660,3360,62.0,67.1,95,660,3,-0.36,15.5,90,28,72.0,9110,119,407,563,308,33,10,10279,2892,570,0,80
2022-06-15,0,1,5940,2022-06-15T23:08:59-04:00,2022-06-16T06:15:59-04:00,25620,24420,1200,7830,10650,5940,60.0,68.036,95,270,2,-0.18,15.875,86,35,68.0,3780,0,462,679,294,5,0,5417,2618,269,0,78
2022-06-16,2,1,6840,2022-06-16T22:38:41-04:00,2022-06-17T05:25:41-04:00,24420,22650,1770,6690,9120,6840,63.0,67.149,93,600,3,-0.63,15.625,89,33,83.0,14424,0,493,569,292,86,0,12913,3218,898,2,78
2022-06-17,0,1,5760,2022-06-17T22:35:01-04:00,2022-06-18T05:11:01-04:00,23760,22140,1620,5730,10650,5760,66.0,68.628,93,300,2,0.01,16.25,82,37,79.0,5535,9,498,637,286,9,1,6739,2621,327,0,75
2022-06-18,0,1,7410,2022-06-18T21:07:10-04:00,2022-06-19T06:21:10-04:00,33240,26940,6300,9090,10440,7410,60.0,69.094,81,2310,3,-0.3,15.125,84,27,91.0,32632,0,466,493,148,333,0,26105,4253,1898,0,72
2022-06-19,0,1,8430,2022-06-19T22:06:54-04:00,2022-06-20T05:41:54-04:00,27300,26010,1290,8250,9330,8430,60.0,71.011,95,540,3,-0.08,15.75,91,32,97.0,9733,70,484,464,409,13,0,9453,2827,520,0,76
2022-06-20,0,1,5460,2022-06-20T22:32:01-04:00,2022-06-21T06:25:01-04:00,28380,24510,3870,8400,10650,5460,63.0,69.023,86,1080,3,0.2,15.125,87,27,95.0,25943,0,374,520,264,282,0,14096,3832,1439,0,68
2022-06-21,0,1,4380,2022-06-21T21:46:03-04:00,2022-06-22T06:22:03-04:00,30960,27420,3540,4770,18270,4380,59.0,65.198,89,540,3,-0.21,15.5,87,30,91.0,5502,111,508,550,236,35,0,7014,2650,355,0,78
2022-06-22,0,1,6810,2022-06-22T22:42:27-04:00,2022-06-23T06:20:27-04:00,27480,26280,1200,10170,9300,6810,62.0,69.807,96,390,3,0.04,15.125,89,24,90.0,4382,0,460,680,290,10,0,5942,2589,285,0,74
2022-06-23,0,1,1260,2022-06-23T22:12:02-04:00,2022-06-24T06:51:02-04:00,31140,30000,1140,10530,18210,1260,61.0,66.32,96,390,4,0.03,15.0,88,22,93.0,9757,0,480,593,317,26,24,9795,2975,627,0,78
2022-06-24,1,1,1950,2022-06-24T21:24:09-04:00,2022-06-25T06:18:09-04:00,32040,25380,6660,11850,11580,1950,63.0,67.469,79,330,3,-0.09,14.75,80,24,89.0,3088,0,489,728,217,6,0,4389,2512,209,1,79
2022-06-25,0,1,4500,2022-06-25T21:22:20-04:00,2022-06-26T07:07:20-04:00,35100,31080,4020,6540,20040,4500,61.0,72.028,89,690,3,0.14,16.125,93,24,95.0,13446,77,528,543,198,70,24,13912,3109,840,0,79
2022-06-26,0,1,1530,2022-06-26T22:47:46-04:00,2022-06-27T06:47:46-04:00,28800,26610,2190,9150,15930,1530,70.0,80.961,92,180,3,-0.27,16.875,82,18,95.0,18346,0,472,551,345,10,62,15772,3530,1183,0,53
2022-06-27,0,1,4020,2022-06-28T00:08:07-04:00,2022-06-28T07:20:07-04:00,25920,24870,1050,8850,12000,4020,63.0,67.883,96,240,3,-0.23,15.75,84,25,82.0,2849,0,393,808,234,5,0,4258,2523,198,0,77
2022-06-28,0,1,7680,2022-06-28T22:10:30-04:00,2022-06-29T05:37:30-04:00,26820,23160,3660,9450,6030,7680,65.0,70.056,86,420,3,-0.39,14.5,85,19,90.0,15245,14,541,575,177,110,23,13328,3184,913,0,68
2022-06-29,0,1,10440,2022-06-30T01:12:16-04:00,2022-06-30T07:20:16-04:00,22080,21000,1080,1860,8700,10440,65.0,69.222,95,240,4,-0.16,18.5,72,70,91.0,33399,0,255,656,239,290,0,12744,4437,1991,0,60
2022-06-30,0,1,6030,2022-06-30T22:41:01-04:00,2022-07-01T06:04:01-04:00,26580,23820,2760,6420,11370,6030,63.0,67.328,90,510,4,-0.29,16.0,84,38,93.0,6308,34,510,568,300,28,0,8115,2691,380,0,74
2022-07-01,0,1,3150,2022-07-01T22:15:52-04:00,2022-07-02T06:10:52-04:00,28500,27480,1020,10020,14310,3150,60.0,65.965,96,300,4,-0.23,15.25,88,27,91.0,7420,0,471,729,205,4,31,5318,2775,491,0,76
2022-07-02,0,1,1860,2022-07-02T22:00:07-04:00,2022-07-03T07:22:07-04:00,33720,29760,3960,12870,15030,1860,59.0,68.579,88,450,3,0.02,15.375,87,22,95.0,5880,78,480,575,297,10,0,7115,2650,345,0,83
2022-07-03,0,1,2250,2022-07-03T22:55:57-04:00,2022-07-04T09:15:57-04:00,37200,32370,4830,10830,19290,2250,65.0,72.026,87,540,3,0.32,16.5,87,25,95.0,18656,12,473,499,389,7,60,16018,3581,1222,0,72
2022-07-04,0,1,1950,2022-07-04T22:21:25-04:00,2022-07-05T07:40:25-04:00,33540,26880,6660,6960,17970,1950,61.0,71.674,80,1170,3,-0.04,16.375,82,27,97.0,12737,0,598,463,306,72,1,13897,3028,754,0,78
2022-07-05,0,1,3780,2022-07-05T23:00:28-04:00,2022-07-06T06:23:28-04:00,26580,25770,810,7680,14310,3780,62.0,68.64,97,210,4,0.16,15.375,88,17,86.0,1886,0,497,808,128,5,2,2645,2388,134,0,80
2022-07-06,0,1,5040,2022-07-07T00:21:35-04:00,2022-07-07T08:35:35-04:00,29640,22710,6930,6090,11580,5040,64.0,69.433,77,210,5,0.38,15.5,74,25,72.0,828,0,357,1003,80,0,0,1398,2357,67,0,72
2022-07-07,0,1,2850,2022-07-07T22:18:01-04:00,2022-07-08T07:06:01-04:00,31680,28680,3000,11130,14700,2850,62.0,68.91,91,270,4,-0.35,14.625,86,21,76.0,2398,95,564,640,138,3,0,3146,2369,147,0,77
2022-07-08,0,1,1890,2022-07-08T21:35:52-04:00,2022-07-09T06:31:52-04:00,32160,28470,3690,7410,19170,1890,63.0,73.398,89,1140,3,0.35,15.375,87,23,69.0,2511,0,519,724,194,3,0,3471,2457,175,0,77
2022-07-09,0,1,5760,2022-07-09T23:05:10-04:00,2022-07-10T06:22:10-04:00,26220,23730,2490,6540,11430,5760,63.0,71.39,91,150,3,0.18,15.375,83,26,86.0,15362,0,436,509,399,94,2,16061,3276,897,0,73
2022-07-10,0,1,3900,2022-07-10T21:52:54-04:00,2022-07-11T08:18:54-04:00,37560,32460,5100,12450,16110,3900,64.0,71.558,86,660,3,0.14,15.5,93,23,87.0,19023,0,496,484,380,22,58,16567,3569,1227,0,75
2022-07-11,0,1,2490,2022-07-11T21:31:15-04:00,2022-07-12T06:49:15-04:00,33480,27360,6120,9420,15450,2490,61.0,71.723,82,240,4,0.26,16.125,83,27,89.0,20217,0,590,297,409,144,0,14090,3487,1149,0,77
2022-07-12,0,1,4170,2022-07-12T21:21:04-04:00,2022-07-13T07:02:04-04:00,34860,30090,4770,6750,19170,4170,60.0,66.419,86,1080,3,-0.01,15.5,92,33,83.0,7052,103,547,532,222,36,0,8781,2628,386,0,88
2022-07-13,0,1,6450,2022-07-13T22:32:08-04:00,2022-07-14T06:30:08-04:00,28680,26250,2430,8610,11190,6450,61.0,69.6,92,330,4,-0.01,16.25,89,36,92.0,30681,0,475,428,256,281,0,12968,4126,1762,0,77
2022-07-14,0,1,4650,2022-07-14T22:52:31-04:00,2022-07-15T07:38:31-04:00,31560,28500,3060,8760,15090,4650,59.0,66.176,90,570,3,-0.22,15.875,92,31,91.0,12162,0,444,639,295,62,0,9647,3011,673,0,83
2022-07-15,0,1,1890,2022-07-15T23:47:55-04:00,2022-07-16T06:48:55-04:00,25260,22230,3030,3120,17220,1890,63.0,73.625,88,180,4,-0.23,16.125,75,21,95.0,17346,0,429,547,339,125,0,11504,3326,988,0,65
2022-07-16,0,1,3690,2022-07-16T22:41:53-04:00,2022-07-17T09:21:53-04:00,38400,37050,1350,14580,18780,3690,68.0,81.772,96,150,4,-0.06,14.625,89,15,94.0,10123,69,519,449,363,40,0,9838,2868,568,0,76
2022-07-17,0,1,6150,2022-07-17T22:45:21-04:00,2022-07-18T08:20:21-04:00,34500,29940,4560,12120,11670,6150,63.0,69.926,87,450,3,-0.28,15.25,91,23,88.0,4454,0,626,591,206,17,0,4671,2505,269,0,85
2022-07-18,0,1,3150,2022-07-18T21:28:49-04:00,2022-07-19T07:33:49-04:00,36300,28710,7590,9300,16260,3150,60.0,69.725,79,420,4,0.31,15.625,87,37,94.0,8859,0,570,600,228,19,23,6019,2841,573,0,84
2022-07-19,0,1,2430,2022-07-20T01:32:09-04:00,2022-07-20T07:55:09-04:00,22980,20760,2220,7410,10920,2430,63.0,68.685,90,330,4,-0.07,14.125,71,19,89.0,6734,0,343,811,245,41,0,5045,2763,404,0,73
2022-07-20,0,1,3870,2022-07-20T22:24:34-04:00,2022-07-21T06:55:34-04:00,30660,26160,4500,6630,15660,3870,58.0,68.677,85,180,3,-0.66,15.125,85,32,95.0,9657,0,564,518,321,12,25,7633,2890,586,0,79
2022-07-21,0,1,4890,2022-07-22T00:21:33-04:00,2022-07-22T07:42:33-04:00,26460,23370,3090,8100,10380,4890,63.0,67.321,88,150,4,-0.54,16.375,79,29,92.0,14692,11,417,670,269,14,59,14019,3266,939,0,72
2022-07-22,0,1,3360,2022-07-22T22:49:02-04:00,2022-07-23T06:38:02-04:00,28140,25080,3060,8220,13500,3360,64.0,70.256,89,300,4,0.01,14.625,83,18,92.0,7135,87,511,636,170,5,31,4361,2732,472,0,75
2022-07-23,0,1,2700,2022-07-23T22:48:10-04:00,2022-07-24T07:11:10-04:00,30180,26280,3900,11550,12030,2700,70.0,77.828,87,1170,3,0.63,14.875,84,15,92.0,13786,0,412,515,464,49,0,12072,3201,811,0,53
2022-07-24,0,1,6630,2022-07-24T21:54:49-04:00,2022-07-25T06:04:49-04:00,29400,26700,2700,5820,14250,6630,61.0,68.677,91,810,4,0.17,16.125,89,32,91.0,6392,0,590,524,319,7,0,7533,2629,365,0,83
2022-07-25,0,1,3150,2022-07-25T22:22:27-04:00,2022-07-26T06:07:27-04:00,27900,22560,5340,9060,10350,3150,62.0,72.056,81,690,4,-0.39,15.75,78,26,88.0,1689,60,441,786,150,3,0,2516,2380,122,0,74
2022-07-26,0,1,7110,2022-07-26T22:27:12-04:00,2022-07-27T07:09:12-04:00,31320,27810,3510,9660,11040,7110,66.0,72.765,89,720,3,0.0,15.5,92,34,93.0,7190,0,454,699,235,52,0,4858,2795,457,0,80
2022-07-27,0,1,4410,2022-07-28T02:34:46-04:00,2022-07-28T09:23:46-04:00,24540,20010,4530,5790,9810,4410,67.0,73.904,82,1470,4,-0.06,16.5,66,33,85.0,10903,0,260,908,186,86,0,6003,3060,670,0,66
2022-07-28,0,1,3630,2022-07-28T22:28:06-04:00,2022-07-29T07:01:06-04:00,30780,25560,5220,8760,13170,3630,66.0,72.533,83,690,4,-0.24,14.5,85,21,92.0,4254,0,595,660,159,26,0,3658,2489,259,0,79
2022-07-29,0,1,7410,2022-07-29T22:16:11-04:00,2022-07-30T06:04:11-04:00,28080,24630,3450,6870,10350,7410,62.0,71.432,88,660,4,-0.11,16.625,86,33,86.0,2669,48,493,717,177,5,0,3631,2439,170,0,80
2022-07-30,0,1,2790,2022-07-30T20:47:50-04:00,2022-07-31T05:17:50-04:00,30600,29550,1050,7110,19650,2790,70.0,80.829,97,210,3,0.3,15.625,90,20,93.0,22746,0,553,420,287,180,0,13210,3629,1300,0,69
2022-07-31,0,1,2640,2022-07-31T22:10:27-04:00,2022-08-01T05:56:27-04:00,27960,22290,5670,6810,12840,2640,68.0,75.688,80,330,5,0.14,17.0,74,28,91.0,18962,0,405,529,435,11,60,17580,3560,1182,0,58
2022-08-01,0,1,4170,2022-08-01T23:24:21-04:00,2022-08-02T07:03:21-04:00,27540,24120,3420,9720,10230,4170,68.0,75.232,88,300,4,0.02,14.625,83,19,86.0,1818,175,385,745,130,5,0,2646,2399,128,0,70
2022-08-02,0,1,7170,2022-08-02T21:50:18-04:00,2022-08-03T06:19:18-04:00,30540,26580,3960,8190,11220,7170,60.0,66.904,87,600,3,-0.26,15.375,88,35,84.0,5615,0,539,648,221,32,0,5049,2588,330,0,84
2022-08-03,0,1,5220,2022-08-04T00:09:41-04:00,2022-08-04T06:14:41-04:00,21900,19410,2490,6090,8100,5220,65.0,71.033,89,390,4,-0.07,16.0,78,31,81.0,10401,0,334,767,298,15,26,10716,2999,634,0,70
2022-08-04,0,1,5100,2022-08-04T22:22:01-04:00,2022-08-05T05:48:01-04:00,26760,25500,1260,6300,14100,5100,65.0,70.724,95,240,3,0.15,15.375,87,29,84.0,3734,87,524,633,190,6,0,4513,2469,220,0,76
2022-08-05,0,1,6540,2022-08-05T21:09:37-05:00,2022-08-06T05:31:37-05:00,30120,27600,2520,9660,11400,6540,58.0,67.455,92,330,3,-0.62,14.5,89,31,76.0,3069,0,450,804,181,5,0,4066,2450,187,0,81
2022-08-06,0,1,2970,2022-08-06T21:51:27-06:00,2022-08-07T04:35:27-06:00,24240,21930,2310,6510,12450,2970,62.0,70.838,90,660,4,0.42,15.0,79,27,64.0,3761,0,392,849,189,10,0,4517,2517,226,0,76
2022-08-07,0,1,5700,2022-08-07T22:17:17-07:00,2022-08-08T06:14:17-07:00,28620,24240,4380,6300,12240,5700,62.0,69.563,85,360,3,-0.04,15.5,84,28,58.0,5755,0,370,781,273,16,0,7332,2678,340,0,84
2022-08-08,0,1,6810,2022-08-08T22:10:54-07:00,2022-08-09T06:21:54-07:00,29460,25560,3900,8010,10740,6810,59.0,65.696,87,960,3,0.1,14.5,88,32,66.0,7873,0,464,597,340,39,0,10501,2803,468,0,86
2022-08-09,0,1,3870,2022-08-09T23:59:07-07:00,2022-08-10T06:34:07-07:00,23700,20250,3450,6180,10200,3870,60.0,68.917,85,210,3,0.18,14.375,76,22,63.0,3208,196,410,648,177,8,1,4487,2500,210,0,76
2022-08-10,0,1,1320,2022-08-10T22:28:52-07:00,2022-08-11T07:05:52-07:00,31020,26310,4710,3600,21390,1320,59.0,65.435,85,450,3,0.13,15.75,76,32,72.0,10642,0,455,637,298,23,27,11315,3052,689,0,76
2022-08-11,0,1,1920,2022-08-11T21:49:08-07:00,2022-08-12T05:30:08-07:00,27660,26010,1650,7620,16470,1920,62.0,67.488,94,450,3,0.01,15.625,85,29,81.0,7914,0,509,620,248,63,0,9195,2874,524,0,85
2022-08-12,0,1,2940,2022-08-12T21:52:08-07:00,2022-08-13T07:17:08-07:00,33900,30420,3480,10620,16860,2940,58.0,66.206,90,690,3,0.14,14.875,91,27,80.0,7406,0,465,700,235,12,28,7651,2874,534,0,83
2022-08-13,0,1,1620,2022-08-13T23:06:33-07:00,2022-08-14T05:38:33-07:00,23520,22440,1080,9810,11010,1620,61.0,67.308,95,300,3,0.26,13.75,78,20,77.0,5340,0,470,696,262,12,0,6591,2639,312,0,78
2022-08-14,0,1,4140,2022-08-14T21:42:13-07:00,2022-08-15T05:43:13-07:00,28860,26640,2220,7920,14580,4140,59.0,69.323,92,240,3,0.05,15.375,89,24,87.0,7896,78,480,443,431,8,0,9746,2803,455,0,81
2022-08-15,0,1,6660,2022-08-15T20:41:32-07:00,2022-08-16T04:55:32-07:00,29640,28470,1170,5700,16110,6660,59.0,68.173,96,270,3,-0.08,17.125,91,43,82.0,7493,0,553,622,235,3,27,7643,2868,523,0,81
2022-08-16,0,1,4440,2022-08-16T22:35:00-07:00,2022-08-17T06:06:00-07:00,27060,25200,1860,8280,12480,4440,61.0,68.795,93,420,3,-0.12,15.5,88,31,80.0,4379,0,394,783,256,7,0,5715,2658,274,0,82
2022-08-17,0,1,2280,2022-08-17T21:29:01-07:00,2022-08-18T06:00:01-07:00,30660,27390,3270,7230,17880,2280,60.0,69.337,89,450,3,0.21,16.0,85,25,84.0,9531,0,481,609,308,16,26,10273,3028,645,0,78
2022-08-18,0,1,4710,2022-08-18T21:38:49-07:00,2022-08-19T05:48:49-07:00,29400,26250,3150,7950,13590,4710,60.0,68.423,89,510,3,-0.11,15.25,90,32,81.0,6707,29,472,568,349,22,0,8340,2753,410,0,88
2022-08-19,0,1,960,2022-08-19T21:19:09-07:00,2022-08-20T06:02:09-07:00,31380,25320,6060,8010,16350,960,62.0,67.136,81,1200,3,-0.41,15.75,78,24,73.0,3794,4,472,719,235,10,0,4823,2594,250,0,81
2022-08-20,0,1,2700,2022-08-20T22:03:04-07:00,2022-08-21T05:25:04-07:00,26520,23280,3240,4710,15870,2700,63.0,70.976,88,1200,4,0.37,15.25,79,25,84.0,26655,0,499,639,80,221,1,23195,4002,1705,0,69
2022-08-21,0,1,4230,2022-08-21T22:13:22-07:00,2022-08-22T05:13:22-07:00,25200,24450,750,8820,11400,4230,64.0,68.929,97,150,3,-0.11,15.125,86,23,87.0,7521,0,449,627,350,14,0,9184,2783,424,0,81
2022-08-22,0,1,3210,2022-08-22T22:43:18-07:00,2022-08-23T05:58:18-07:00,26100,23280,2820,9780,10290,3210,61.0,69.06,89,1170,3,0.27,14.375,82,23,81.0,3785,97,467,614,257,5,0,5121,2576,246,0,79
2022-08-23,0,1,5850,2022-08-23T23:03:43-07:00,2022-08-24T05:57:43-07:00,24840,20670,4170,6660,8160,5850,62.0,65.491,83,390,3,-0.09,15.375,77,25,79.0,4413,0,404,744,282,10,0,5947,2673,288,0,78
2022-08-24,0,1,5040,2022-08-24T22:26:14-07:00,2022-08-25T06:34:14-07:00,29280,23790,5490,8640,10110,5040,61.0,66.25,81,630,3,-0.08,15.125,84,23,73.0,4757,0,470,663,287,19,1,6390,2695,319,0,82
2022-08-25,0,1,4770,2022-08-25T20:49:30-07:00,2022-08-26T05:25:30-07:00,30960,27390,3570,8370,14250,4770,61.0,69.521,88,810,3,0.0,14.125,91,18,73.0,4553,0,555,612,254,19,0,5397,2642,305,0,78
2022-08-26,0,1,3660,2022-08-26T22:49:31-07:00,2022-08-27T06:26:31-07:00,27420,26310,1110,9090,13560,3660,60.0,63.953,96,150,3,-0.06,14.25,92,17,79.0,11615,0,411,657,312,60,0,12900,3016,635,0,85
2022-08-27,0,1,1920,2022-08-27T21:47:44-07:00,2022-08-28T06:27:44-07:00,31200,23430,7770,7890,13620,1920,59.0,65.355,75,540,4,-0.1,15.25,76,20,65.0,3851,79,549,607,200,5,0,4679,2503,230,0,77
2022-08-28,0,1,3840,2022-08-28T21:01:56-07:00,2022-08-29T05:25:56-07:00,30240,28260,1980,9300,15120,3840,61.0,66.229,93,360,3,-0.14,15.5,92,26,76.0,15543,0,555,585,206,7,87,14336,3305,984,0,76
2022-08-29,0,1,1770,2022-08-29T21:07:02-07:00,2022-08-30T06:24:02-07:00,33420,27330,6090,10950,14610,1770,61.0,66.091,82,900,3,0.18,14.625,84,17,76.0,5395,0,468,656,295,21,0,7028,2703,343,0,83
2022-08-30,0,1,3480,2022-08-30T23:26:20-07:00,2022-08-31T04:49:20-07:00,19380,18300,1080,5970,8850,3480,59.0,61.54,94,690,3,-0.07,14.5,78,25,71.0,3779,0,394,787,253,5,1,5148,2650,259,0,77
2022-08-31,0,1,2040,2022-08-31T22:59:15-07:00,2022-09-01T06:08:15-07:00,25740,22740,3000,7950,12750,2040,60.0,64.829,88,600,3,0.14,15.25,80,20,68.0,3655,0,334,897,198,11,0,4864,2610,231,0,75
2022-09-01,0,1,3480,2022-09-01T21:31:59-07:00,2022-09-02T03:54:59-07:00,22980,21600,1380,6720,11400,3480,66.0,75.338,94,750,3,0.42,14.625,82,13,74.0,4013,68,493,671,189,19,0,4315,2588,254,0,58
2022-09-02,0,1,5370,2022-09-02T21:37:00-07:00,2022-09-03T05:59:00-07:00,30120,26940,3180,10980,10590,5370,60.0,64.699,89,780,3,0.09,15.125,93,20,58.0,2808,0,351,856,230,3,0,4036,2569,201,0,80
2022-09-03,0,1,2220,2022-09-03T22:01:30-07:00,2022-09-04T05:08:30-07:00,25620,24060,1560,9330,12510,2220,60.0,63.73,94,780,3,-0.58,15.0,84,29,57.0,6548,0,482,636,313,9,0,7830,2678,370,0,78
2022-09-04,0,1,3930,2022-09-04T23:37:20-07:00,2022-09-05T06:10:20-07:00,23580,21390,2190,5520,11940,3930,66.0,70.471,91,1140,4,-0.08,16.25,80,31,42.0,4694,0,387,846,194,13,0,5774,2568,276,0,69
2022-09-05,0,1,4410,2022-09-05T22:41:48-07:00,2022-09-06T05:22:48-07:00,24060,23310,750,8340,10560,4410,63.0,70.054,97,300,3,-0.25,15.75,86,26,43.0,3068,0,478,794,160,6,2,3878,2500,191,0,74
2022-09-06,0,1,3990,2022-09-06T21:35:27-07:00,2022-09-07T05:22:27-07:00,28020,25080,2940,8280,12810,3990,61.0,70.276,90,510,3,0.18,14.375,88,20,46.0,2453,11,440,801,184,4,0,3628,2513,176,0,78
2022-09-07,0,1,3420,2022-09-07T20:47:31-07:00,2022-09-08T06:28:31-07:00,34860,29760,5100,10680,15660,3420,61.0,69.724,85,750,3,-0.04,15.875,92,20,46.0,2023,128,493,670,143,6,0,2709,2404,143,0,80
2022-09-08,0,1,3390,2022-09-08T21:53:13-07:00,2022-09-09T05:51:13-07:00,28680,25350,3330,9960,12000,3390,64.0,68.473,88,570,3,0.32,14.5,86,20,46.0,3985,25,460,680,263,11,1,5511,2621,269,0,79
2022-09-09,0,1,4020,2022-09-09T23:51:01-07:00,2022-09-10T05:46:01-07:00,21300,19260,2040,6540,8700,4020,64.0,76.725,90,210,4,0.15,14.5,77,13,36.0,1710,0,352,941,145,2,0,2542,2457,128,0,61
2022-09-10,0,1,3480,2022-09-10T20:59:31-07:00,2022-09-11T05:50:31-07:00,31860,28260,3600,6600,18180,3480,58.0,67.471,89,450,3,0.43,14.75,89,29,54.0,6611,0,540,543,350,7,0,8143,2704,379,0,79
2022-09-11,0,1,4170,2022-09-11T22:04:18-07:00,2022-09-12T06:11:18-07:00,29220,26310,2910,11190,10950,4170,60.0,65.922,90,1080,3,0.19,13.5,92,22,50.0,5655,0,490,682,256,12,0,6811,2648,330,0,85
2022-09-12,0,1,2220,2022-09-12T20:31:13-07:00,2022-09-13T05:53:13-07:00,33720,25320,8400,9300,13800,2220,69.0,78.0,75,690,4,1.22,16.125,78,19,56.0,4200,0,538,679,202,21,0,5058,2576,271,0,45
2022-09-13,0,1,3990,2022-09-13T22:34:16-07:00,2022-09-14T06:13:16-07:00,27540,25380,2160,7080,14310,3990,67.0,72.148,92,330,4,0.23,15.625,86,18,,1437,80,481,772,107,0,0,2034,2365,103,0,72
2022-09-14,0,1,6720,2022-09-14T21:36:41-07:00,2022-09-15T06:47:41-07:00,33060,26760,6300,9240,10800,6720,64.0,71.238,81,720,3,0.12,16.0,89,26,,2975,0,515,714,205,6,0,4096,2514,199,0,78
2022-09-15,0,1,3570,2022-09-15T21:51:18-07:00,2022-09-16T06:04:18-07:00,29580,25710,3870,6930,15210,3570,69.0,77.075,87,660,3,0.18,14.75,85,17,,14581,0,478,602,261,99,0,14382,3284,930,0,67
2022-09-16,0,1,3630,2022-09-16T21:11:22-07:00,2022-09-17T04:50:22-07:00,27540,25800,1740,7530,14640,3630,61.0,71.229,94,1500,3,-0.11,15.375,87,21,,6915,0,523,747,132,10,28,6769,2714,441,0,73
2022-09-17,0,1,6390,2022-09-17T22:53:02-07:00,2022-09-18T06:21:02-07:00,26880,24540,2340,9750,8400,6390,65.0,70.188,91,180,3,-0.19,14.5,87,23,,2503,9,352,935,142,2,0,3268,2503,155,0,77
2022-09-18,0,1,6900,2022-09-18T21:13:21-07:00,2022-09-19T06:45:21-07:00,34320,27180,7140,9330,10950,6900,67.0,71.811,79,420,3,0.34,16.0,88,24,,7433,0,545,545,335,15,0,8764,2733,420,0,72
2022-09-19,0,1,3930,2022-09-19T20:27:14-07:00,2022-09-20T05:52:14-07:00,33900,29250,4650,11940,13380,3930,64.0,70.563,86,1080,3,0.36,16.375,93,19,,8010,92,560,508,241,10,29,8042,2884,559,0,73
2022-09-20,0,1,1980,2022-09-20T22:35:23-07:00,2022-09-21T05:56:23-07:00,26460,23580,2880,10110,11490,1980,63.0,67.963,89,180,4,-0.09,14.625,79,17,,2736,0,434,802,197,7,0,4203,2537,197,0,78
2022-09-21,0,1,3060,2022-09-21T22:08:41-07:00,2022-09-22T05:48:41-07:00,27600,24150,3450,9420,11670,3060,63.0,68.839,88,540,2,0.04,14.875,84,19,,3737,0,435,623,374,8,0,5934,2688,310,0,78
2022-09-22,0,1,2340,2022-09-22T21:42:02-07:00,2022-09-23T07:09:02-07:00,34020,30570,3450,11010,17220,2340,62.0,68.321,90,240,3,0.14,14.625,89,19,,3409,0,468,723,243,6,0,4759,2529,224,0,81
2022-09-23,0,1,2730,2022-09-23T22:26:52-07:00,2022-09-24T06:47:52-07:00,30060,25800,4260,11160,11910,2730,64.0,69.057,86,840,4,-0.12,15.375,86,22,,3496,0,542,688,198,12,0,4259,2492,220,0,81
2022-09-24,0,1,4350,2022-09-24T22:27:00-07:00,2022-09-25T07:27:00-07:00,32400,26100,6300,8520,13230,4350,63.0,70.021,81,810,3,0.28,16.0,88,25,,13558,176,475,580,132,4,73,11176,3163,908,0,73
2022-09-25,0,1,4110,2022-09-25T20:34:26-07:00,2022-09-26T07:11:26-07:00,38220,30960,7260,7950,18900,4110,60.0,69.788,81,1260,3,0.0,15.875,92,22,91.0,6390,10,624,484,308,14,0,7785,2645,368,0,82
2022-09-26,0,1,1170,2022-09-27T01:40:49-07:00,2022-09-27T06:30:49-07:00,17400,16680,720,3750,11760,1170,65.0,68.483,96,240,3,-0.06,14.875,61,19,71.0,3972,0,299,923,206,12,0,5253,2681,251,0,64
2022-09-27,0,1,4380,2022-09-27T22:30:11-07:00,2022-09-28T05:54:11-07:00,26640,23910,2730,9540,9990,4380,63.0,66.463,90,510,3,-0.75,14.625,88,19,71.0,1264,0,469,898,68,5,0,1747,2386,83,0,80
2022-09-28,0,1,2790,2022-09-29T00:07:48-07:00,2022-09-29T05:46:48-07:00,20340,19770,570,5610,11370,2790,65.0,68.485,97,180,3,-0.1,15.75,76,23,56.0,1656,0,352,976,108,4,0,2213,2450,112,0,69
2022-09-29,0,1,4500,2022-09-29T22:14:23-07:00,2022-09-30T05:53:23-07:00,27540,26520,1020,8190,13830,4500,71.0,79.761,96,540,3,-0.16,16.0,92,19,51.0,1491,0,440,875,123,2,0,2109,2391,105,0,68
2022-09-30,0,1,5070,2022-09-30T23:47:00-07:00,2022-10-01T06:32:00-07:00,24300,21960,2340,6570,10320,5070,67.0,74.013,90,360,3,-0.21,15.25,83,20,52.0,1983,79,358,870,122,11,0,2898,2482,142,0,66
2022-10-01,0,1,5280,2022-10-01T22:21:02-07:00,2022-10-02T06:41:02-07:00,30000,26790,3210,9690,11820,5280,65.0,69.385,89,480,3,0.12,14.625,91,20,40.0,2084,0,464,827,146,3,0,2925,2481,147,0,78
2022-10-02,0,1,5280,2022-10-02T23:53:00-07:00,2022-10-03T06:16:00-07:00,22980,20370,2610,7380,7710,5280,66.0,71.286,89,180,3,0.13,16.125,81,25,40.0,5541,0,389,734,312,5,0,6625,2717,327,0,71
2022-10-03,0,1,3390,2022-10-03T21:56:54-07:00,2022-10-04T06:48:54-07:00,31920,28980,2940,11640,13950,3390,66.0,72.278,91,600,3,0.11,16.625,94,28,44.0,3059,0,476,704,254,6,0,4712,2559,222,0,79
2022-10-04,0,1,6390,2022-10-04T23:34:34-07:00,2022-10-05T06:08:34-07:00,23640,20430,3210,7350,6690,6390,64.0,69.559,86,840,3,-1.21,15.625,81,26,43.0,4579,0,394,798,237,11,0,5932,2661,285,0,75
2022-10-05,0,1,3510,2022-10-05T21:57:33-07:00,2022-10-06T05:07:33-07:00,25800,23850,1950,8430,11910,3510,64.0,67.723,92,150,3,-0.08,15.25,83,23,43.0,2182,125,463,692,157,2,1,3177,2413,150,0,80
2022-10-06,0,1,7170,2022-10-06T22:58:29-07:00,2022-10-07T06:07:29-07:00,25740,23220,2520,9360,6690,7170,65.0,71.566,90,210,3,-0.11,15.75,85,23,41.0,4436,0,382,819,230,9,0,5922,2633,271,0,78
2022-10-07,0,1,5430,2022-10-07T22:09:29-07:00,2022-10-08T05:58:29-07:00,28140,25950,2190,9210,11310,5430,64.0,76.453,92,480,3,0.16,15.25,90,20,40.0,2831,0,461,769,207,3,0,3779,2513,187,0,76
2022-10-08,0,1,3750,2022-10-08T21:52:12-07:00,2022-10-09T05:20:12-07:00,26880,24240,2640,9450,11040,3750,63.0,68.833,90,210,3,-0.01,15.0,84,17,49.0,8314,0,451,692,259,38,0,8276,2799,459,0,79
2022-10-09,0,1,6630,2022-10-09T21:06:01-07:00,2022-10-10T06:29:01-07:00,33780,28920,4860,10770,11520,6630,67.0,73.363,86,180,3,0.36,16.125,92,25,67.0,16869,0,455,662,243,8,72,15217,3403,1066,0,70
2022-10-10,0,1,5790,2022-10-10T22:13:53-07:00,2022-10-11T06:04:53-07:00,28260,23490,4770,9990,7710,5790,65.0,71.765,83,360,3,0.16,15.125,84,19,66.0,6214,53,458,755,133,41,0,6769,2682,395,0,77
2022-10-11,0,1,3870,2022-10-11T22:19:52-07:00,2022-10-12T06:17:52-07:00,28680,25950,2730,11580,10500,3870,64.0,68.517,90,300,3,0.11,15.25,88,20,66.0,3927,0,448,777,199,16,0,5208,2564,246,0,81
2022-10-12,0,1,4350,2022-10-12T22:59:38-07:00,2022-10-13T05:58:38-07:00,25140,23160,1980,8010,10800,4350,63.0,70.345,92,330,3,-0.31,15.875,83,25,68.0,7837,0,414,724,263,39,0,6396,2820,466,0,78
2022-10-13,0,1,4380,2022-10-13T21:36:00-07:00,2022-10-14T06:04:00-07:00,30480,26250,4230,7620,14250,4380,61.0,66.411,86,480,3,0.0,15.75,90,24,77.0,9003,0,463,653,271,53,0,9570,2857,529,0,81
2022-10-14,0,1,4410,2022-10-14T21:55:49-07:00,2022-10-15T06:52:49-07:00,32220,27600,4620,10200,12990,4410,64.0,68.165,86,690,2,0.34,15.625,91,19,77.0,6362,0,427,660,332,21,0,7981,2735,383,0,83
2022-10-15,0,1,3990,2022-10-15T21:23:30-07:00,2022-10-16T05:58:30-07:00,30900,25170,5730,6480,14700,3990,62.0,68.389,81,240,3,-0.06,16.25,82,23,77.0,5131,85,571,528,221,34,1,4738,2571,311,0,78
2022-10-16,0,1,5580,2022-10-16T22:34:43-07:00,2022-10-17T06:09:43-07:00,27300,25230,2070,9000,10650,5580,62.0,66.295,92,210,3,-0.29,15.5,88,24,76.0,9681,0,438,559,428,14,1,11513,2886,536,0,84
2022-10-17,0,1,3960,2022-10-17T21:27:38-07:00,2022-10-18T05:26:38-07:00,28740,24510,4230,7080,13470,3960,62.0,68.14,85,2100,3,0.08,16.0,82,23,78.0,7634,0,510,679,220,5,26,7391,2824,510,0,75
2022-10-18,0,1,3810,2022-10-18T22:13:58-07:00,2022-10-19T07:07:58-07:00,32040,28110,3930,12300,12000,3810,61.0,66.724,88,300,3,0.43,15.25,90,22,75.0,4774,0,415,749,260,16,0,6326,2637,298,0,81
2022-10-19,0,1,4170,2022-10-19T19:12:58-07:00,2022-10-20T05:46:58-07:00,38040,32160,5880,7710,20280,4170,61.0,67.072,85,840,3,0.4,15.5,94,25,80.0,5734,0,654,517,249,20,0,6552,2589,331,0,82
2022-10-20,0,1,4740,2022-10-20T21:52:58-07:00,2022-10-21T06:58:58-07:00,32760,28980,3780,9810,14430,4740,58.0,64.859,88,420,3,0.31,15.0,94,24,63.0,1864,97,465,746,130,2,0,2518,2378,121,0,90
2022-10-21,0,1,8760,2022-10-21T22:39:51-07:00,2022-10-22T07:18:51-07:00,31140,27960,3180,10710,8490,8760,62.0,66.837,90,540,3,0.3,15.5,93,28,73.0,7789,0,468,769,160,15,28,7405,2794,506,0,90
2022-10-22,0,1,4830,2022-10-22T21:12:12-07:00,2022-10-23T05:21:12-07:00,29340,26520,2820,8760,12930,4830,57.0,64.518,90,720,3,-0.42,15.125,91,30,78.0,10600,0,557,596,202,85,0,9659,2902,612,0,84
2022-10-23,0,1,5580,2022-10-23T22:34:28-07:00,2022-10-24T07:28:28-07:00,32040,28770,3270,9960,13230,5580,61.0,65.182,90,750,3,0.05,15.5,95,27,69.0,7258,0,407,689,334,9,1,8530,2770,410,0,94
2022-10-24,0,1,5340,2022-10-24T20:25:44-07:00,2022-10-25T05:42:44-07:00,33420,30990,2430,11070,14580,5340,61.0,68.692,93,750,2,0.38,15.75,97,18,74.0,9375,0,619,483,302,9,27,9686,2905,601,0,81
2022-10-25,0,1,4680,2022-10-25T22:03:37-07:00,2022-10-26T06:52:37-07:00,31740,27690,4050,13290,9720,4680,64.0,68.74,87,1440,3,-0.19,15.125,92,22,66.0,3811,99,441,684,215,1,0,4888,2532,236,0,89
2022-10-26,0,1,5340,2022-10-26T21:22:29-07:00,2022-10-27T06:53:29-07:00,34260,29130,5130,12330,11460,5340,63.0,70.473,85,480,3,-0.14,15.75,92,24,80.0,10308,0,511,592,288,23,26,10633,3017,672,0,85
2022-10-27,0,1,5940,2022-10-27T21:03:53-07:00,2022-10-28T06:47:53-07:00,35040,29640,5400,10470,13230,5940,59.0,65.101,85,420,3,-0.38,14.875,92,24,84.0,13816,0,563,595,181,71,30,12111,3173,876,0,87
2022-10-28,1,1,3510,2022-10-28T23:49:17-07:00,2022-10-29T07:30:17-07:00,27660,24330,3330,10050,10770,3510,60.0,65.235,88,210,3,0.09,15.25,80,22,82.0,8386,0,397,718,268,57,0,10276,2892,516,1,85
2022-10-29,1,1,3300,2022-10-29T21:39:11-07:00,2022-10-30T07:01:11-07:00,33720,29190,4530,11160,14730,3300,57.0,65.321,87,270,3,0.0,15.0,90,20,84.0,14414,0,605,486,221,127,1,12084,3101,819,1,83
2022-10-30,0,1,2220,2022-10-30T21:40:34-07:00,2022-10-31T07:03:34-07:00,33780,30720,3060,8730,19770,2220,59.0,64.0,91,420,3,0.16,15.75,90,19,83.0,11956,17,530,476,377,40,0,12740,2966,643,0,85
2022-10-31,0,1,3390,2022-10-31T21:12:37-07:00,2022-11-01T06:41:37-07:00,34140,30180,3960,8190,18600,3390,63.0,69.234,88,630,3,0.01,15.375,92,22,85.0,12040,0,547,573,257,32,31,12084,3045,751,0,81
2022-11-01,0,1,4410,2022-11-01T22:12:39-07:00,2022-11-02T07:10:39-07:00,32280,28770,3510,11880,12480,4410,61.0,65.768,89,150,3,0.21,15.125,90,25,71.0,7070,46,509,666,189,8,22,5813,2741,448,0,86
2022-11-02,1,1,2130,2022-11-02T22:36:26-07:00,2022-11-03T06:56:26-07:00,30000,27660,2340,9750,15780,2130,59.0,64.19,92,240,3,0.2,15.125,86,25,64.0,8828,0,520,642,223,55,0,10605,2830,534,1,87
2022-11-03,1,1,1680,2022-11-03T23:18:35-07:00,2022-11-04T07:15:35-07:00,28620,26580,2040,6900,18000,1680,61.0,65.0,93,360,3,0.24,14.875,83,21,65.0,9993,0,490,590,323,8,29,10744,2998,650,1,81
2022-11-04,0,1,4410,2022-11-04T20:20:00-07:00,2022-11-05T06:23:00-07:00,36180,32130,4050,12480,15240,4410,60.0,64.389,89,450,3,0.25,14.625,94,23,70.0,8240,0,638,538,201,62,1,9737,2787,519,0,91
2022-11-05,0,1,5970,2022-11-05T20:11:21-08:00,2022-11-06T05:15:21-08:00,32640,30660,1980,11040,13650,5970,62.0,67.813,94,360,3,0.04,15.0,94,24,72.0,33400,64,524,382,195,275,0,18113,4405,2072,0,78
2022-11-06,0,1,2640,2022-11-06T20:53:21-08:00,2022-11-07T06:06:21-08:00,33180,27120,6060,9060,15420,2640,64.0,68.204,82,390,3,0.1,16.0,83,23,70.0,12101,0,472,573,330,65,0,13161,3043,718,0,78
2022-11-07,0,1,630,2022-11-07T20:03:44-08:00,2022-11-08T05:12:44-08:00,32940,29670,3270,8310,20730,630,58.0,65.291,90,780,3,-0.16,16.125,88,22,72.0,16135,12,582,463,276,103,4,14484,3305,981,0,76
2022-11-08,0,1,5640,2022-11-08T21:32:15-08:00,2022-11-09T05:42:15-08:00,29400,27450,1950,7380,14430,5640,60.0,64.14,93,1080,3,-0.29,16.0,93,28,71.0,12258,0,517,568,285,33,37,11766,3106,789,0,84
2022-11-09,0,1,4650,2022-11-09T20:18:16-08:00,2022-11-10T04:28:16-08:00,29400,27780,1620,9090,14040,4650,59.0,63.281,94,540,3,-0.23,15.625,93,21,72.0,12445,0,577,490,304,57,12,13306,3030,753,0,86
2022-11-10,0,1,3360,2022-11-10T20:19:17-08:00,2022-11-11T05:21:17-08:00,32520,28890,3630,10650,14880,3360,60.0,66.703,89,990,3,0.28,15.5,93,25,70.0,11759,0,463,610,302,31,34,13394,3090,733,0,80
2022-11-11,1,1,5730,2022-11-11T20:37:54-08:00,2022-11-12T06:55:54-08:00,37080,32190,4890,12150,14310,5730,57.0,63.752,87,570,3,-0.11,16.0,95,26,74.0,15094,78,602,392,259,109,0,12926,3210,921,1,87
2022-11-12,0,1,4560,2022-11-12T21:51:10-08:00,2022-11-13T05:24:10-08:00,27180,26340,840,8580,13200,4560,58.0,63.652,97,210,3,-0.12,15.5,90,24,69.0,13085,0,518,545,298,78,1,13978,3074,762,0,83
2022-11-13,1,1,720,2022-11-13T20:52:16-08:00,2022-11-14T05:40:16-08:00,31680,29130,2550,5100,23310,720,60.0,67.421,92,480,3,0.12,16.0,84,21,71.0,25813,0,538,459,280,158,5,14570,3924,1595,1,73
2022-11-14,0,1,1770,2022-11-14T22:00:14-08:00,2022-11-15T05:47:14-08:00,28020,25470,2550,5880,17820,1770,56.0,65.433,91,690,3,0.29,15.25,83,24,70.0,16387,0,442,597,295,67,39,16978,3438,1058,0,69
2022-11-15,0,1,2850,2022-11-15T20:35:11-08:00,2022-11-16T07:04:11-08:00,37740,33810,3930,13950,17010,2850,62.0,69.059,90,450,3,0.29,15.0,92,20,72.0,13331,0,545,542,280,29,44,13907,3175,855,0,79
2022-11-16,0,1,3510,2022-11-16T20:32:32-08:00,2022-11-17T05:14:32-08:00,31320,29670,1650,10470,15690,3510,60.0,64.48,95,270,3,0.07,15.125,91,19,71.0,7642,53,638,514,185,28,22,5042,2795,512,0,83
2022-11-17,0,1,4530,2022-11-17T20:33:42-08:00,2022-11-18T06:56:42-08:00,37380,31080,6300,14190,12360,4530,62.0,67.62,83,870,2,0.13,14.75,95,18,71.0,13574,0,507,595,261,22,55,13481,3211,884,0,78
2022-11-18,0,1,4530,2022-11-18T20:25:26-08:00,2022-11-19T05:45:26-08:00,33600,30330,3270,14280,11520,4530,59.0,63.33,90,420,3,-0.09,14.5,94,23,71.0,10160,0,563,524,287,65,1,11791,2937,633,0,88
2022-11-19,0,1,2820,2022-11-19T21:54:57-08:00,2022-11-20T06:28:57-08:00,30840,29100,1740,9360,16920,2820,58.0,61.812,94,330,3,-0.17,15.375,91,25,69.0,14499,0,471,660,215,94,0,13643,3210,911,0,85
2022-11-20,0,1,2940,2022-11-20T19:55:55-08:00,2022-11-21T06:07:55-08:00,36720,31560,5160,12690,15930,2940,62.0,66.982,86,330,2,0.12,15.375,89,18,74.0,23246,38,602,374,287,70,69,20697,3787,1492,0,73
2022-11-21,0,1,3810,2022-11-21T20:28:21-08:00,2022-11-22T05:48:21-08:00,33600,32250,1350,8940,19500,3810,58.0,63.522,96,210,3,0.28,15.375,94,30,72.0,9846,0,577,523,288,50,2,10876,2933,624,0,86
2022-11-22,0,1,2550,2022-11-22T21:33:15-08:00,2022-11-23T05:13:15-08:00,27600,24510,3090,6150,15810,2550,58.0,62.256,89,420,3,-0.04,15.5,82,28,72.0,14274,0,496,511,339,94,0,13376,3148,846,0,83
2022-11-23,0,1,3090,2022-11-23T19:28:57-08:00,2022-11-24T05:18:57-08:00,35400,32340,3060,13080,16170,3090,58.0,63.531,91,750,3,-0.04,14.875,95,18,73.0,13399,0,570,430,371,69,0,14149,3120,805,0,86
2022-11-24,0,1,3510,2022-11-24T19:33:21-08:00,2022-11-25T05:01:21-08:00,34080,29250,4830,9960,15780,3510,57.0,65.162,86,780,3,0.65,15.625,92,21,73.0,16963,71,575,434,262,62,36,15734,3367,1094,0,75
2022-11-25,2,1,2340,2022-11-25T21:03:12-08:00,2022-11-26T07:29:12-08:00,37560,33780,3780,10710,20730,2340,58.0,63.241,90,480,3,0.08,15.375,91,23,68.0,19202,0,541,574,183,82,60,14900,3517,1226,2,79
2022-11-26,0,1,1020,2022-11-26T21:55:06-08:00,2022-11-27T05:43:06-08:00,28080,27210,870,9480,16710,1020,60.0,63.344,97,180,3,-0.05,14.625,83,15,71.0,10185,0,599,514,259,68,0,12602,2841,579,0,81
2022-11-27,0,1,4590,2022-11-27T21:00:20-08:00,2022-11-28T05:42:20-08:00,31320,29280,2040,9060,15630,4590,63.0,68.663,93,690,3,0.09,15.5,95,26,73.0,40098,0,528,409,237,10,256,19343,4914,2590,0,70
2022-11-28,0,1,3930,2022-11-28T20:56:56-08:00,2022-11-29T06:16:56-08:00,33600,28110,5490,11310,12870,3930,59.0,65.23,84,1170,3,0.07,15.75,90,23,72.0,10808,0,500,506,380,54,0,13103,3043,688,0,83
2022-11-29,0,1,3720,2022-11-29T19:53:11-08:00,2022-11-30T05:40:11-08:00,35220,30150,5070,9660,16770,3720,61.0,66.806,86,540,3,-0.09,14.75,92,25,75.0,13490,353,585,235,171,61,35,7584,3072,855,0,83
2022-11-30,0,1,2580,2022-11-30T21:01:42-08:00,2022-12-01T05:38:42-08:00,31020,28800,2220,9510,16710,2580,60.0,63.681,93,300,3,-0.18,15.5,88,21,71.0,11874,0,486,568,309,76,1,13763,3066,725,0,83
2022-12-01,0,1,4800,2022-12-01T20:50:29-08:00,2022-12-02T05:44:29-08:00,32040,30990,1050,13890,12300,4800,60.0,65.952,97,330,3,-0.16,14.625,95,19,71.0,17526,0,520,560,249,30,81,10834,3447,1133,0,73
2022-12-02,0,1,4860,2022-12-02T20:24:14-08:00,2022-12-03T04:57:14-08:00,30780,28650,2130,9630,14160,4860,59.0,62.429,93,240,2,-0.16,15.375,93,27,72.0,13578,0,587,508,250,69,26,13238,3140,858,0,85
2022-12-03,2,1,3090,2022-12-03T23:29:28-08:00,2022-12-04T07:31:28-08:00,28920,25590,3330,8100,14400,3090,57.0,63.764,88,750,3,0.32,15.125,86,24,70.0,11887,0,348,559,479,54,0,11537,3136,722,2,80
2022-12-04,0,1,3330,2022-12-04T21:23:52-08:00,2022-12-05T06:57:52-08:00,34440,30330,4110,8580,18420,3330,58.0,61.982,88,360,3,0.19,15.5,90,21,74.0,17792,46,586,319,411,11,67,17662,3399,1100,0,81
2022-12-05,0,1,7350,2022-12-05T20:43:32-08:00,2022-12-06T06:48:32-08:00,36300,30870,5430,9870,13650,7350,57.0,60.787,85,270,3,-0.38,16.0,92,35,81.0,4345,0,631,536,255,18,0,5785,2563,292,0,91
2022-12-06,0,1,3330,2022-12-06T20:40:04-08:00,2022-12-07T06:45:04-08:00,36300,31200,5100,7350,20520,3330,59.0,63.028,86,1740,3,-0.1,15.375,90,20,99.0,20352,0,552,376,381,72,59,22997,3576,1235,0,82
2022-12-07,0,1,810,2022-12-07T19:52:15-08:00,2022-12-08T06:52:15-08:00,39600,35100,4500,14040,20250,810,59.0,63.12,89,420,3,0.11,15.375,87,25,97.0,14185,0,609,442,282,107,0,14330,3216,897,0,87
2022-12-08,0,1,1950,2022-12-08T20:35:33-08:00,2022-12-09T04:36:33-08:00,28860,26010,2850,10530,13530,1950,57.0,62.883,90,300,3,-0.16,15.0,82,18,97.0,14207,72,592,458,199,118,1,12830,3192,911,0,79
2022-12-09,0,1,3120,2022-12-09T20:20:21-08:00,2022-12-10T07:00:21-08:00,38400,33090,5310,13380,16590,3120,57.0,61.678,86,870,3,0.12,15.25,93,24,92.0,13815,23,502,527,297,71,20,15327,3200,870,0,88
2022-12-10,0,1,1890,2022-12-10T21:18:01-08:00,2022-12-11T05:32:01-08:00,29640,28200,1440,12390,13920,1890,57.0,64.24,95,1020,3,-0.22,15.0,92,20,91.0,16807,0,551,447,343,36,63,15268,3367,1074,0,79
2022-12-11,1,1,2700,2022-12-11T22:23:30-08:00,2022-12-12T06:38:30-08:00,29700,27450,2250,11910,12840,2700,60.0,65.011,92,420,3,0.18,15.0,88,20,88.0,16602,0,507,483,351,67,32,15274,3297,1009,1,81
2022-12-12,1,1,3690,2022-12-12T21:00:42-08:00,2022-12-13T06:40:42-08:00,34800,29940,4860,13350,12900,3690,58.0,65.075,86,930,2,0.49,15.0,92,20,76.0,6553,72,641,518,174,4,31,6840,2678,453,1,80
2022-12-13,0,1,6390,2022-12-13T19:44:54-08:00,2022-12-14T06:28:54-08:00,38640,32460,6180,10110,15960,6390,58.0,63.552,84,960,3,-0.2,15.375,96,24,74.0,11413,0,613,486,280,25,36,11236,3003,730,0,88
2022-12-14,0,1,4440,2022-12-14T18:39:15-08:00,2022-12-15T05:40:15-08:00,39660,36240,3420,13680,18120,4440,56.0,60.461,91,390,3,0.06,15.0,95,30,72.0,8970,0,660,498,206,76,0,8221,2794,536,0,93
2022-12-15,0,1,3420,2022-12-15T20:27:14-08:00,2022-12-16T05:19:14-08:00,31920,30510,1410,6660,20430,3420,55.0,63.04,96,540,3,0.36,14.75,91,21,79.0,7468,0,594,585,199,62,0,8648,2756,494,0,81
2022-12-16,0,1,4200,2022-12-16T20:30:51-08:00,2022-12-17T07:04:51-08:00,38040,33480,4560,11550,17730,4200,55.0,63.133,88,990,3,-0.33,14.75,97,38,89.0,2563,67,556,581,233,3,0,4114,2439,191,0,94
2022-12-17,1,1,4140,2022-12-17T21:09:06-08:00,2022-12-18T05:57:06-08:00,31680,29490,2190,9120,16230,4140,57.0,59.608,93,240,3,-0.17,14.875,92,28,90.0,10613,0,585,587,190,78,0,8742,2865,651,1,93
2022-12-18,0,1,4770,2022-12-18T20:38:54-08:00,2022-12-19T04:45:54-08:00,29220,27180,2040,6900,15510,4770,57.0,59.628,93,750,3,-0.11,15.25,91,31,84.0,5280,0,624,523,281,12,0,6565,2515,308,0,96
2022-12-19,0,1,3510,2022-12-19T21:06:49-08:00,2022-12-20T07:23:49-08:00,37020,32820,4200,13590,15720,3510,60.0,63.825,89,360,2,-0.14,14.875,91,20,79.0,10329,33,459,660,202,86,0,10930,2896,610,0,90
2022-12-20,0,1,3750,2022-12-20T20:15:14-08:00,2022-12-21T05:45:14-08:00,34200,30330,3870,12870,13710,3750,57.0,62.241,89,1050,2,-0.25,14.625,94,22,74.0,4708,0,650,554,212,24,0,6306,2487,288,0,96
2022-12-21,0,1,3030,2022-12-21T20:31:12-08:00,2022-12-22T06:31:12-08:00,36000,30630,5370,12300,15300,3030,58.0,63.174,85,810,2,-0.09,14.5,91,18,75.0,4488,0,539,625,261,15,0,4857,2535,295,0,95
2022-12-22,0,1,4080,2022-12-22T19:59:51-08:00,2022-12-23T05:50:51-08:00,35460,31140,4320,13770,13290,4080,59.0,63.62,88,600,2,-0.15,15.75,95,21,76.0,6314,48,586,562,205,33,6,7648,2568,389,0,95
2022-12-23,0,1,3510,2022-12-23T21:25:16-08:00,2022-12-24T06:57:16-08:00,34320,28740,5580,7770,17460,3510,60.0,65.317,84,210,3,0.02,15.625,89,19,81.0,14880,0,486,590,295,9,60,14018,3113,891,0,79
2022-12-24,0,1,10380,2022-12-24T20:55:47-08:00,2022-12-25T06:20:47-08:00,33900,30870,3030,11040,9450,10380,57.0,66.102,91,180,3,0.29,15.25,95,27,79.0,7359,0,614,391,419,16,0,9517,2658,432,0,91
2022-12-25,0,1,4770,2022-12-25T20:18:51-08:00,2022-12-26T07:21:51-08:00,39780,35370,4410,12750,17850,4770,58.0,66.132,89,300,2,0.06,15.25,95,22,83.0,10724,63,584,427,325,12,29,10674,2932,687,0,90
2022-12-26,0,1,4080,2022-12-26T20:30:05-08:00,2022-12-27T06:26:05-08:00,35760,31770,3990,11160,16530,4080,57.0,61.811,89,1050,3,0.13,14.75,96,25,78.0,7618,0,598,597,202,22,21,6067,2652,465,0,91
2022-12-27,1,1,2550,2022-12-27T21:25:17-08:00,2022-12-28T07:19:17-08:00,35640,31200,4440,11040,17610,2550,57.0,62.798,88,420,2,0.13,15.125,90,26,80.0,3470,0,668,559,208,5,0,4563,2379,209,1,95
2022-12-28,1,1,4890,2022-12-28T19:35:04-08:00,2022-12-29T08:03:04-08:00,44880,33900,10980,12000,17010,4890,55.0,60.871,76,840,2,0.21,15.0,92,29,84.0,7395,46,614,426,336,18,0,9148,2647,413,1,96
2022-12-29,0,1,1380,2022-12-29T20:36:57-08:00,2022-12-30T07:00:57-08:00,37440,30840,6600,10380,19080,1380,63.0,66.925,82,660,3,-0.19,16.125,87,23,81.0,5867,0,709,481,221,29,0,4764,2516,352,0,87
2022-12-30,0,1,4320,2022-12-30T21:01:16-08:00,2022-12-31T06:50:16-08:00,35340,30420,4920,13050,13050,4320,58.0,64.324,86,1050,3,0.08,14.75,93,20,79.0,11513,0,569,510,295,65,1,13339,2890,656,0,89
2022-12-31,0,1,7170,2022-12-31T22:34:57-08:00,2023-01-01T08:02:57-08:00,34080,27720,6360,9030,11520,7170,59.0,63.259,81,810,3,-0.5,15.625,91,32,77.0,3074,0,517,713,208,2,0,4101,2401,190,0,93
2023-01-01,0,1,5850,2023-01-01T21:07:07-08:00,2023-01-02T06:25:07-08:00,33480,31890,1590,10200,15840,5850,58.0,62.945,95,630,3,-0.08,14.75,96,20,84.0,17325,76,611,316,368,25,44,11105,3284,1046,0,89
